ISO-10303-21;
HEADER;
/* Generated by software containing ST-Developer
 * from STEP Tools, Inc. (www.steptools.com) 
 */

FILE_DESCRIPTION(
/* description */ (''),
/* implementation_level */ '2;1');

FILE_NAME(
/* name */ '',
/* time_stamp */ '2026-09-17T15:21:25+08:00',
/* author */ (''),
/* organization */ (''),
/* preprocessor_version */ 'ST-DEVELOPER v20.1',
/* originating_system */ 'Autodesk Translation Framework v15.8.0.0',
/* authorisation */ '');

FILE_SCHEMA (('AUTOMOTIVE_DESIGN { 1 0 10303 214 3 1 1 }'));
ENDSEC;

DATA;
#10=MECHANICAL_DESIGN_GEOMETRIC_PRESENTATION_REPRESENTATION('',(#21),#2908);
#11=ITEM_DEFINED_TRANSFORMATION($,$,#1696,#1862);
#12=ITEM_DEFINED_TRANSFORMATION($,$,#1695,#1863);
#13=(
REPRESENTATION_RELATIONSHIP($,$,#2923,#2922)
REPRESENTATION_RELATIONSHIP_WITH_TRANSFORMATION(#11)
SHAPE_REPRESENTATION_RELATIONSHIP()
);
#14=(
REPRESENTATION_RELATIONSHIP($,$,#2922,#2921)
REPRESENTATION_RELATIONSHIP_WITH_TRANSFORMATION(#12)
SHAPE_REPRESENTATION_RELATIONSHIP()
);
#15=CONTEXT_DEPENDENT_SHAPE_REPRESENTATION(#13,#2919);
#16=CONTEXT_DEPENDENT_SHAPE_REPRESENTATION(#14,#2920);
#17=NEXT_ASSEMBLY_USAGE_OCCURRENCE('uvc32_mount_dyx0914 (1) (1):1',
'uvc32_mount_dyx0914 (1) (1):1','uvc32_mount_dyx0914 (1) (1):1',#2926,#2927,
'uvc32_mount_dyx0914 (1) (1):1');
#18=NEXT_ASSEMBLY_USAGE_OCCURRENCE(
'332000146,\X2\815590E8644450CF5934652F67B6\X0\_D435_gemini_mount;FDM,
PLA,L95.76xW57.12xH26mm,\X2\9ED18272\X0\,\X2\53BB6BDB523A652F6491\X0\:
1',
'332000146,\X2\815590E8644450CF5934652F67B6\X0\_D435_gemini_mount;FDM,
PLA,L95.76xW57.12xH26mm,\X2\9ED18272\X0\,\X2\53BB6BDB523A652F6491\X0\:
1',
'332000146,\X2\815590E8644450CF5934652F67B6\X0\_D435_gemini_mount;FDM,
PLA,L95.76xW57.12xH26mm,\X2\9ED18272\X0\,\X2\53BB6BDB523A652F6491\X0\:
1',#2925,#2926,
'332000146,\X2\815590E8644450CF5934652F67B6\X0\_D435_gemini_mount;FDM,
PLA,L95.76xW57.12xH26mm,\X2\9ED18272\X0\,\X2\53BB6BDB523A652F6491\X0\:
1');
#19=SHAPE_REPRESENTATION_RELATIONSHIP('SRR','None',#2923,#20);
#20=ADVANCED_BREP_SHAPE_REPRESENTATION('',(#22),#2907);
#21=STYLED_ITEM('',(#2940),#22);
#22=MANIFOLD_SOLID_BREP('\X2\5B9E4F53\X0\15',#1681);
#23=B_SPLINE_CURVE_WITH_KNOTS('',3,(#2524,#2525,#2526,#2527,#2528,#2529),
 .UNSPECIFIED.,.F.,.F.,(4,2,4),(0.796757263951948,0.851141138457229,0.964595847801342),
 .UNSPECIFIED.);
#24=B_SPLINE_CURVE_WITH_KNOTS('',3,(#2532,#2533,#2534,#2535,#2536,#2537),
 .UNSPECIFIED.,.F.,.F.,(4,2,4),(1.58045209622971E-14,0.11306736145403,0.167807681542138),
 .UNSPECIFIED.);
#25=B_SPLINE_CURVE_WITH_KNOTS('',3,(#2593,#2594,#2595,#2596,#2597,#2598,
#2599,#2600,#2601,#2602,#2603,#2604,#2605,#2606,#2607,#2608,#2609,#2610,
#2611,#2612,#2613,#2614),.UNSPECIFIED.,.F.,.F.,(4,3,3,3,3,3,3,4),(0.,0.25,
0.448952705740743,0.5,0.672471312736118,0.75,0.955840833851485,1.),
 .UNSPECIFIED.);
#26=B_SPLINE_CURVE_WITH_KNOTS('',3,(#2629,#2630,#2631,#2632,#2633,#2634,
#2635,#2636,#2637,#2638,#2639,#2640,#2641,#2642,#2643,#2644,#2645,#2646,
#2647,#2648,#2649,#2650),.UNSPECIFIED.,.F.,.F.,(4,3,3,3,3,3,3,4),(0.,0.209170462807909,
0.25,0.420088453197148,0.5,0.716533659793185,0.75,0.999994057359903),
 .UNSPECIFIED.);
#27=CYLINDRICAL_SURFACE('',#1710,2.9);
#28=CYLINDRICAL_SURFACE('',#1717,1.65);
#29=CYLINDRICAL_SURFACE('',#1725,1.65);
#30=CYLINDRICAL_SURFACE('',#1726,7.);
#31=CYLINDRICAL_SURFACE('',#1729,7.);
#32=CYLINDRICAL_SURFACE('',#1742,7.);
#33=CYLINDRICAL_SURFACE('',#1745,7.);
#34=CYLINDRICAL_SURFACE('',#1755,8.5);
#35=CYLINDRICAL_SURFACE('',#1760,5.);
#36=CYLINDRICAL_SURFACE('',#1769,5.);
#37=CYLINDRICAL_SURFACE('',#1783,3.);
#38=CYLINDRICAL_SURFACE('',#1785,3.);
#39=CYLINDRICAL_SURFACE('',#1787,3.);
#40=CYLINDRICAL_SURFACE('',#1789,3.);
#41=CYLINDRICAL_SURFACE('',#1791,3.);
#42=CYLINDRICAL_SURFACE('',#1792,3.);
#43=CYLINDRICAL_SURFACE('',#1797,3.);
#44=CYLINDRICAL_SURFACE('',#1799,3.);
#45=CYLINDRICAL_SURFACE('',#1800,8.5);
#46=CYLINDRICAL_SURFACE('',#1805,2.9);
#47=CYLINDRICAL_SURFACE('',#1810,130.0140355387);
#48=CYLINDRICAL_SURFACE('',#1811,130.0140298539);
#49=CYLINDRICAL_SURFACE('',#1820,2.);
#50=CYLINDRICAL_SURFACE('',#1837,28.65);
#51=CYLINDRICAL_SURFACE('',#1843,1.65);
#52=CYLINDRICAL_SURFACE('',#1844,1.65);
#53=CYLINDRICAL_SURFACE('',#1845,1.65);
#54=CYLINDRICAL_SURFACE('',#1848,1.65);
#55=CYLINDRICAL_SURFACE('',#1852,28.65);
#56=CONICAL_SURFACE('',#1708,3.399999995764,0.785398163397448);
#57=CONICAL_SURFACE('',#1757,7.749999999842,0.785398163397448);
#58=CONICAL_SURFACE('',#1762,4.250043397576,0.785398163397448);
#59=CONICAL_SURFACE('',#1763,129.2640325366,0.785398163397448);
#60=CONICAL_SURFACE('',#1767,129.2640549571,0.785398163397448);
#61=CONICAL_SURFACE('',#1771,4.250049525515,0.785398163397448);
#62=CONICAL_SURFACE('',#1802,7.749999999842,0.785398163397448);
#63=CONICAL_SURFACE('',#1807,3.399999995764,0.785398163397448);
#64=CONICAL_SURFACE('',#1838,2.25,0.785398163397448);
#65=CONICAL_SURFACE('',#1840,2.25,0.785398163397448);
#66=CONICAL_SURFACE('',#1854,2.399999997624,0.785398163397448);
#67=CONICAL_SURFACE('',#1856,2.399999997624,0.785398163397448);
#68=CIRCLE('',#1700,128.5140298539);
#69=CIRCLE('',#1701,3.5);
#70=CIRCLE('',#1702,7.);
#71=CIRCLE('',#1703,7.);
#72=CIRCLE('',#1704,3.5);
#73=CIRCLE('',#1705,128.5140355387);
#74=CIRCLE('',#1706,3.9);
#75=CIRCLE('',#1707,3.9);
#76=CIRCLE('',#1709,2.9);
#77=CIRCLE('',#1711,2.9);
#78=CIRCLE('',#1713,1.65);
#79=CIRCLE('',#1715,2.9);
#80=CIRCLE('',#1716,1.65);
#81=CIRCLE('',#1718,1.65);
#82=CIRCLE('',#1720,7.);
#83=CIRCLE('',#1721,7.);
#84=CIRCLE('',#1722,7.);
#85=CIRCLE('',#1723,7.);
#86=CIRCLE('',#1724,1.65);
#87=CIRCLE('',#1727,7.);
#88=CIRCLE('',#1730,7.);
#89=CIRCLE('',#1732,3.);
#90=CIRCLE('',#1733,3.);
#91=CIRCLE('',#1735,3.);
#92=CIRCLE('',#1736,3.);
#93=CIRCLE('',#1738,3.);
#94=CIRCLE('',#1739,3.);
#95=CIRCLE('',#1740,3.);
#96=CIRCLE('',#1741,3.);
#97=CIRCLE('',#1743,7.);
#98=CIRCLE('',#1746,7.);
#99=CIRCLE('',#1749,130.0140355387);
#100=CIRCLE('',#1750,5.);
#101=CIRCLE('',#1751,8.5);
#102=CIRCLE('',#1752,8.5);
#103=CIRCLE('',#1753,5.);
#104=CIRCLE('',#1754,130.0140298539);
#105=CIRCLE('',#1756,8.5);
#106=CIRCLE('',#1761,5.);
#107=CIRCLE('',#1764,130.0140298539);
#108=CIRCLE('',#1768,130.0140355387);
#109=CIRCLE('',#1770,5.);
#110=CIRCLE('',#1774,3.);
#111=CIRCLE('',#1775,3.);
#112=CIRCLE('',#1776,3.);
#113=CIRCLE('',#1777,3.);
#114=CIRCLE('',#1778,3.);
#115=CIRCLE('',#1779,3.);
#116=CIRCLE('',#1780,3.);
#117=CIRCLE('',#1781,3.);
#118=CIRCLE('',#1793,3.);
#119=CIRCLE('',#1795,3.);
#120=CIRCLE('',#1801,8.5);
#121=CIRCLE('',#1806,2.9);
#122=CIRCLE('',#1816,2.);
#123=CIRCLE('',#1819,2.);
#124=CIRCLE('',#1822,28.65);
#125=CIRCLE('',#1823,3.15);
#126=CIRCLE('',#1824,3.15);
#127=CIRCLE('',#1827,28.65);
#128=CIRCLE('',#1828,1.65);
#129=CIRCLE('',#1829,1.65);
#130=CIRCLE('',#1832,28.65);
#131=CIRCLE('',#1833,1.65);
#132=CIRCLE('',#1834,1.65);
#133=CIRCLE('',#1839,1.65);
#134=CIRCLE('',#1841,1.65);
#135=CIRCLE('',#1842,1.65);
#136=CIRCLE('',#1846,1.65);
#137=CIRCLE('',#1847,1.65);
#138=CIRCLE('',#1849,1.65);
#139=CIRCLE('',#1850,1.65);
#140=CIRCLE('',#1853,28.65);
#141=CIRCLE('',#1855,3.15);
#142=CIRCLE('',#1857,3.15);
#143=FACE_BOUND('',#251,.T.);
#144=FACE_BOUND('',#254,.T.);
#145=FACE_BOUND('',#255,.T.);
#146=FACE_BOUND('',#259,.T.);
#147=FACE_BOUND('',#261,.T.);
#148=FACE_BOUND('',#264,.T.);
#149=FACE_BOUND('',#265,.T.);
#150=FACE_BOUND('',#278,.T.);
#151=FACE_BOUND('',#293,.T.);
#152=FACE_BOUND('',#328,.T.);
#153=FACE_BOUND('',#329,.T.);
#154=FACE_BOUND('',#332,.T.);
#155=FACE_BOUND('',#333,.T.);
#156=FACE_BOUND('',#336,.T.);
#157=FACE_BOUND('',#337,.T.);
#158=FACE_BOUND('',#353,.T.);
#159=FACE_BOUND('',#354,.T.);
#160=FACE_OUTER_BOUND('',#250,.T.);
#161=FACE_OUTER_BOUND('',#252,.T.);
#162=FACE_OUTER_BOUND('',#253,.T.);
#163=FACE_OUTER_BOUND('',#256,.T.);
#164=FACE_OUTER_BOUND('',#257,.T.);
#165=FACE_OUTER_BOUND('',#258,.T.);
#166=FACE_OUTER_BOUND('',#260,.T.);
#167=FACE_OUTER_BOUND('',#262,.T.);
#168=FACE_OUTER_BOUND('',#263,.T.);
#169=FACE_OUTER_BOUND('',#266,.T.);
#170=FACE_OUTER_BOUND('',#267,.T.);
#171=FACE_OUTER_BOUND('',#268,.T.);
#172=FACE_OUTER_BOUND('',#269,.T.);
#173=FACE_OUTER_BOUND('',#270,.T.);
#174=FACE_OUTER_BOUND('',#271,.T.);
#175=FACE_OUTER_BOUND('',#272,.T.);
#176=FACE_OUTER_BOUND('',#273,.T.);
#177=FACE_OUTER_BOUND('',#274,.T.);
#178=FACE_OUTER_BOUND('',#275,.T.);
#179=FACE_OUTER_BOUND('',#276,.T.);
#180=FACE_OUTER_BOUND('',#277,.T.);
#181=FACE_OUTER_BOUND('',#279,.T.);
#182=FACE_OUTER_BOUND('',#280,.T.);
#183=FACE_OUTER_BOUND('',#281,.T.);
#184=FACE_OUTER_BOUND('',#282,.T.);
#185=FACE_OUTER_BOUND('',#283,.T.);
#186=FACE_OUTER_BOUND('',#284,.T.);
#187=FACE_OUTER_BOUND('',#285,.T.);
#188=FACE_OUTER_BOUND('',#286,.T.);
#189=FACE_OUTER_BOUND('',#287,.T.);
#190=FACE_OUTER_BOUND('',#288,.T.);
#191=FACE_OUTER_BOUND('',#289,.T.);
#192=FACE_OUTER_BOUND('',#290,.T.);
#193=FACE_OUTER_BOUND('',#291,.T.);
#194=FACE_OUTER_BOUND('',#292,.T.);
#195=FACE_OUTER_BOUND('',#294,.T.);
#196=FACE_OUTER_BOUND('',#295,.T.);
#197=FACE_OUTER_BOUND('',#296,.T.);
#198=FACE_OUTER_BOUND('',#297,.T.);
#199=FACE_OUTER_BOUND('',#298,.T.);
#200=FACE_OUTER_BOUND('',#299,.T.);
#201=FACE_OUTER_BOUND('',#300,.T.);
#202=FACE_OUTER_BOUND('',#301,.T.);
#203=FACE_OUTER_BOUND('',#302,.T.);
#204=FACE_OUTER_BOUND('',#303,.T.);
#205=FACE_OUTER_BOUND('',#304,.T.);
#206=FACE_OUTER_BOUND('',#305,.T.);
#207=FACE_OUTER_BOUND('',#306,.T.);
#208=FACE_OUTER_BOUND('',#307,.T.);
#209=FACE_OUTER_BOUND('',#308,.T.);
#210=FACE_OUTER_BOUND('',#309,.T.);
#211=FACE_OUTER_BOUND('',#310,.T.);
#212=FACE_OUTER_BOUND('',#311,.T.);
#213=FACE_OUTER_BOUND('',#312,.T.);
#214=FACE_OUTER_BOUND('',#313,.T.);
#215=FACE_OUTER_BOUND('',#314,.T.);
#216=FACE_OUTER_BOUND('',#315,.T.);
#217=FACE_OUTER_BOUND('',#316,.T.);
#218=FACE_OUTER_BOUND('',#317,.T.);
#219=FACE_OUTER_BOUND('',#318,.T.);
#220=FACE_OUTER_BOUND('',#319,.T.);
#221=FACE_OUTER_BOUND('',#320,.T.);
#222=FACE_OUTER_BOUND('',#321,.T.);
#223=FACE_OUTER_BOUND('',#322,.T.);
#224=FACE_OUTER_BOUND('',#323,.T.);
#225=FACE_OUTER_BOUND('',#324,.T.);
#226=FACE_OUTER_BOUND('',#325,.T.);
#227=FACE_OUTER_BOUND('',#326,.T.);
#228=FACE_OUTER_BOUND('',#327,.T.);
#229=FACE_OUTER_BOUND('',#330,.T.);
#230=FACE_OUTER_BOUND('',#331,.T.);
#231=FACE_OUTER_BOUND('',#334,.T.);
#232=FACE_OUTER_BOUND('',#335,.T.);
#233=FACE_OUTER_BOUND('',#338,.T.);
#234=FACE_OUTER_BOUND('',#339,.T.);
#235=FACE_OUTER_BOUND('',#340,.T.);
#236=FACE_OUTER_BOUND('',#341,.T.);
#237=FACE_OUTER_BOUND('',#342,.T.);
#238=FACE_OUTER_BOUND('',#343,.T.);
#239=FACE_OUTER_BOUND('',#344,.T.);
#240=FACE_OUTER_BOUND('',#345,.T.);
#241=FACE_OUTER_BOUND('',#346,.T.);
#242=FACE_OUTER_BOUND('',#347,.T.);
#243=FACE_OUTER_BOUND('',#348,.T.);
#244=FACE_OUTER_BOUND('',#349,.T.);
#245=FACE_OUTER_BOUND('',#350,.T.);
#246=FACE_OUTER_BOUND('',#351,.T.);
#247=FACE_OUTER_BOUND('',#352,.T.);
#248=FACE_OUTER_BOUND('',#355,.T.);
#249=FACE_OUTER_BOUND('',#356,.T.);
#250=EDGE_LOOP('',(#1066,#1067,#1068,#1069,#1070,#1071));
#251=EDGE_LOOP('',(#1072,#1073,#1074,#1075));
#252=EDGE_LOOP('',(#1076,#1077,#1078,#1079));
#253=EDGE_LOOP('',(#1080,#1081,#1082,#1083,#1084,#1085,#1086,#1087,#1088,
#1089,#1090,#1091,#1092,#1093));
#254=EDGE_LOOP('',(#1094));
#255=EDGE_LOOP('',(#1095));
#256=EDGE_LOOP('',(#1096,#1097,#1098,#1099));
#257=EDGE_LOOP('',(#1100,#1101,#1102,#1103));
#258=EDGE_LOOP('',(#1104));
#259=EDGE_LOOP('',(#1105));
#260=EDGE_LOOP('',(#1106));
#261=EDGE_LOOP('',(#1107));
#262=EDGE_LOOP('',(#1108,#1109,#1110,#1111));
#263=EDGE_LOOP('',(#1112,#1113,#1114,#1115,#1116,#1117,#1118,#1119,#1120,
#1121,#1122,#1123));
#264=EDGE_LOOP('',(#1124));
#265=EDGE_LOOP('',(#1125));
#266=EDGE_LOOP('',(#1126,#1127,#1128,#1129));
#267=EDGE_LOOP('',(#1130,#1131,#1132,#1133));
#268=EDGE_LOOP('',(#1134,#1135,#1136,#1137));
#269=EDGE_LOOP('',(#1138,#1139,#1140,#1141,#1142,#1143));
#270=EDGE_LOOP('',(#1144,#1145,#1146,#1147,#1148));
#271=EDGE_LOOP('',(#1149,#1150,#1151,#1152,#1153));
#272=EDGE_LOOP('',(#1154,#1155,#1156,#1157,#1158,#1159,#1160,#1161,#1162,
#1163));
#273=EDGE_LOOP('',(#1164,#1165,#1166,#1167,#1168,#1169,#1170,#1171));
#274=EDGE_LOOP('',(#1172,#1173,#1174,#1175));
#275=EDGE_LOOP('',(#1176,#1177,#1178,#1179));
#276=EDGE_LOOP('',(#1180,#1181,#1182,#1183));
#277=EDGE_LOOP('',(#1184,#1185,#1186,#1187,#1188,#1189,#1190,#1191,#1192,
#1193,#1194,#1195,#1196));
#278=EDGE_LOOP('',(#1197,#1198,#1199,#1200,#1201,#1202,#1203,#1204));
#279=EDGE_LOOP('',(#1205,#1206,#1207,#1208));
#280=EDGE_LOOP('',(#1209,#1210,#1211,#1212));
#281=EDGE_LOOP('',(#1213,#1214,#1215,#1216));
#282=EDGE_LOOP('',(#1217,#1218,#1219,#1220));
#283=EDGE_LOOP('',(#1221,#1222,#1223,#1224));
#284=EDGE_LOOP('',(#1225,#1226,#1227,#1228));
#285=EDGE_LOOP('',(#1229,#1230,#1231,#1232));
#286=EDGE_LOOP('',(#1233,#1234,#1235,#1236));
#287=EDGE_LOOP('',(#1237,#1238,#1239,#1240));
#288=EDGE_LOOP('',(#1241,#1242,#1243,#1244));
#289=EDGE_LOOP('',(#1245,#1246,#1247,#1248));
#290=EDGE_LOOP('',(#1249,#1250,#1251,#1252));
#291=EDGE_LOOP('',(#1253,#1254,#1255,#1256));
#292=EDGE_LOOP('',(#1257,#1258,#1259,#1260));
#293=EDGE_LOOP('',(#1261,#1262,#1263,#1264,#1265,#1266,#1267,#1268,#1269,
#1270,#1271,#1272,#1273,#1274,#1275,#1276));
#294=EDGE_LOOP('',(#1277,#1278,#1279,#1280));
#295=EDGE_LOOP('',(#1281,#1282,#1283,#1284));
#296=EDGE_LOOP('',(#1285,#1286,#1287,#1288));
#297=EDGE_LOOP('',(#1289,#1290,#1291,#1292));
#298=EDGE_LOOP('',(#1293,#1294,#1295,#1296));
#299=EDGE_LOOP('',(#1297,#1298,#1299,#1300,#1301));
#300=EDGE_LOOP('',(#1302,#1303,#1304,#1305));
#301=EDGE_LOOP('',(#1306,#1307,#1308,#1309,#1310));
#302=EDGE_LOOP('',(#1311,#1312,#1313,#1314));
#303=EDGE_LOOP('',(#1315,#1316,#1317,#1318));
#304=EDGE_LOOP('',(#1319,#1320,#1321,#1322,#1323));
#305=EDGE_LOOP('',(#1324,#1325,#1326,#1327));
#306=EDGE_LOOP('',(#1328,#1329,#1330,#1331));
#307=EDGE_LOOP('',(#1332,#1333,#1334,#1335,#1336));
#308=EDGE_LOOP('',(#1337,#1338,#1339,#1340));
#309=EDGE_LOOP('',(#1341,#1342,#1343,#1344));
#310=EDGE_LOOP('',(#1345,#1346,#1347,#1348));
#311=EDGE_LOOP('',(#1349,#1350,#1351,#1352));
#312=EDGE_LOOP('',(#1353,#1354,#1355,#1356));
#313=EDGE_LOOP('',(#1357,#1358,#1359,#1360));
#314=EDGE_LOOP('',(#1361,#1362,#1363,#1364));
#315=EDGE_LOOP('',(#1365,#1366,#1367,#1368));
#316=EDGE_LOOP('',(#1369,#1370,#1371,#1372));
#317=EDGE_LOOP('',(#1373,#1374,#1375,#1376));
#318=EDGE_LOOP('',(#1377,#1378,#1379,#1380));
#319=EDGE_LOOP('',(#1381,#1382,#1383,#1384));
#320=EDGE_LOOP('',(#1385,#1386,#1387,#1388));
#321=EDGE_LOOP('',(#1389,#1390,#1391));
#322=EDGE_LOOP('',(#1392,#1393,#1394,#1395,#1396,#1397));
#323=EDGE_LOOP('',(#1398,#1399,#1400,#1401,#1402,#1403,#1404,#1405,#1406,
#1407,#1408,#1409));
#324=EDGE_LOOP('',(#1410,#1411,#1412,#1413));
#325=EDGE_LOOP('',(#1414,#1415,#1416,#1417,#1418,#1419,#1420,#1421,#1422,
#1423,#1424,#1425));
#326=EDGE_LOOP('',(#1426,#1427,#1428,#1429));
#327=EDGE_LOOP('',(#1430,#1431,#1432,#1433,#1434,#1435));
#328=EDGE_LOOP('',(#1436));
#329=EDGE_LOOP('',(#1437));
#330=EDGE_LOOP('',(#1438,#1439,#1440,#1441));
#331=EDGE_LOOP('',(#1442,#1443,#1444,#1445,#1446,#1447));
#332=EDGE_LOOP('',(#1448));
#333=EDGE_LOOP('',(#1449));
#334=EDGE_LOOP('',(#1450,#1451,#1452,#1453));
#335=EDGE_LOOP('',(#1454,#1455,#1456,#1457,#1458,#1459));
#336=EDGE_LOOP('',(#1460));
#337=EDGE_LOOP('',(#1461));
#338=EDGE_LOOP('',(#1462,#1463,#1464,#1465,#1466));
#339=EDGE_LOOP('',(#1467,#1468,#1469,#1470));
#340=EDGE_LOOP('',(#1471,#1472,#1473,#1474));
#341=EDGE_LOOP('',(#1475,#1476,#1477,#1478));
#342=EDGE_LOOP('',(#1479,#1480,#1481,#1482,#1483));
#343=EDGE_LOOP('',(#1484,#1485,#1486,#1487,#1488));
#344=EDGE_LOOP('',(#1489,#1490,#1491,#1492));
#345=EDGE_LOOP('',(#1493,#1494,#1495,#1496,#1497));
#346=EDGE_LOOP('',(#1498,#1499,#1500,#1501,#1502));
#347=EDGE_LOOP('',(#1503,#1504,#1505,#1506,#1507));
#348=EDGE_LOOP('',(#1508,#1509,#1510,#1511));
#349=EDGE_LOOP('',(#1512,#1513,#1514,#1515,#1516));
#350=EDGE_LOOP('',(#1517,#1518,#1519,#1520,#1521));
#351=EDGE_LOOP('',(#1522,#1523,#1524,#1525));
#352=EDGE_LOOP('',(#1526,#1527,#1528,#1529,#1530,#1531));
#353=EDGE_LOOP('',(#1532));
#354=EDGE_LOOP('',(#1533));
#355=EDGE_LOOP('',(#1534,#1535,#1536,#1537));
#356=EDGE_LOOP('',(#1538,#1539,#1540,#1541));
#357=LINE('',#2369,#516);
#358=LINE('',#2371,#517);
#359=LINE('',#2373,#518);
#360=LINE('',#2375,#519);
#361=LINE('',#2377,#520);
#362=LINE('',#2378,#521);
#363=LINE('',#2381,#522);
#364=LINE('',#2383,#523);
#365=LINE('',#2385,#524);
#366=LINE('',#2386,#525);
#367=LINE('',#2389,#526);
#368=LINE('',#2391,#527);
#369=LINE('',#2392,#528);
#370=LINE('',#2395,#529);
#371=LINE('',#2401,#530);
#372=LINE('',#2405,#531);
#373=LINE('',#2409,#532);
#374=LINE('',#2415,#533);
#375=LINE('',#2416,#534);
#376=LINE('',#2424,#535);
#377=LINE('',#2428,#536);
#378=LINE('',#2440,#537);
#379=LINE('',#2446,#538);
#380=LINE('',#2450,#539);
#381=LINE('',#2452,#540);
#382=LINE('',#2454,#541);
#383=LINE('',#2456,#542);
#384=LINE('',#2458,#543);
#385=LINE('',#2462,#544);
#386=LINE('',#2465,#545);
#387=LINE('',#2469,#546);
#388=LINE('',#2472,#547);
#389=LINE('',#2475,#548);
#390=LINE('',#2478,#549);
#391=LINE('',#2479,#550);
#392=LINE('',#2482,#551);
#393=LINE('',#2486,#552);
#394=LINE('',#2487,#553);
#395=LINE('',#2490,#554);
#396=LINE('',#2494,#555);
#397=LINE('',#2500,#556);
#398=LINE('',#2504,#557);
#399=LINE('',#2506,#558);
#400=LINE('',#2510,#559);
#401=LINE('',#2514,#560);
#402=LINE('',#2518,#561);
#403=LINE('',#2522,#562);
#404=LINE('',#2531,#563);
#405=LINE('',#2541,#564);
#406=LINE('',#2542,#565);
#407=LINE('',#2546,#566);
#408=LINE('',#2548,#567);
#409=LINE('',#2551,#568);
#410=LINE('',#2557,#569);
#411=LINE('',#2561,#570);
#412=LINE('',#2565,#571);
#413=LINE('',#2571,#572);
#414=LINE('',#2572,#573);
#415=LINE('',#2577,#574);
#416=LINE('',#2578,#575);
#417=LINE('',#2580,#576);
#418=LINE('',#2581,#577);
#419=LINE('',#2584,#578);
#420=LINE('',#2585,#579);
#421=LINE('',#2587,#580);
#422=LINE('',#2591,#581);
#423=LINE('',#2617,#582);
#424=LINE('',#2620,#583);
#425=LINE('',#2623,#584);
#426=LINE('',#2624,#585);
#427=LINE('',#2625,#586);
#428=LINE('',#2652,#587);
#429=LINE('',#2655,#588);
#430=LINE('',#2657,#589);
#431=LINE('',#2660,#590);
#432=LINE('',#2661,#591);
#433=LINE('',#2663,#592);
#434=LINE('',#2666,#593);
#435=LINE('',#2670,#594);
#436=LINE('',#2674,#595);
#437=LINE('',#2678,#596);
#438=LINE('',#2682,#597);
#439=LINE('',#2687,#598);
#440=LINE('',#2691,#599);
#441=LINE('',#2694,#600);
#442=LINE('',#2695,#601);
#443=LINE('',#2697,#602);
#444=LINE('',#2699,#603);
#445=LINE('',#2701,#604);
#446=LINE('',#2703,#605);
#447=LINE('',#2705,#606);
#448=LINE('',#2707,#607);
#449=LINE('',#2709,#608);
#450=LINE('',#2711,#609);
#451=LINE('',#2716,#610);
#452=LINE('',#2719,#611);
#453=LINE('',#2722,#612);
#454=LINE('',#2724,#613);
#455=LINE('',#2726,#614);
#456=LINE('',#2731,#615);
#457=LINE('',#2733,#616);
#458=LINE('',#2735,#617);
#459=LINE('',#2739,#618);
#460=LINE('',#2742,#619);
#461=LINE('',#2744,#620);
#462=LINE('',#2746,#621);
#463=LINE('',#2749,#622);
#464=LINE('',#2754,#623);
#465=LINE('',#2756,#624);
#466=LINE('',#2758,#625);
#467=LINE('',#2760,#626);
#468=LINE('',#2761,#627);
#469=LINE('',#2764,#628);
#470=LINE('',#2766,#629);
#471=LINE('',#2770,#630);
#472=LINE('',#2772,#631);
#473=LINE('',#2774,#632);
#474=LINE('',#2776,#633);
#475=LINE('',#2778,#634);
#476=LINE('',#2780,#635);
#477=LINE('',#2781,#636);
#478=LINE('',#2784,#637);
#479=LINE('',#2785,#638);
#480=LINE('',#2788,#639);
#481=LINE('',#2790,#640);
#482=LINE('',#2792,#641);
#483=LINE('',#2794,#642);
#484=LINE('',#2796,#643);
#485=LINE('',#2798,#644);
#486=LINE('',#2800,#645);
#487=LINE('',#2803,#646);
#488=LINE('',#2805,#647);
#489=LINE('',#2806,#648);
#490=LINE('',#2809,#649);
#491=LINE('',#2812,#650);
#492=LINE('',#2819,#651);
#493=LINE('',#2820,#652);
#494=LINE('',#2824,#653);
#495=LINE('',#2825,#654);
#496=LINE('',#2831,#655);
#497=LINE('',#2834,#656);
#498=LINE('',#2837,#657);
#499=LINE('',#2844,#658);
#500=LINE('',#2846,#659);
#501=LINE('',#2847,#660);
#502=LINE('',#2849,#661);
#503=LINE('',#2853,#662);
#504=LINE('',#2857,#663);
#505=LINE('',#2862,#664);
#506=LINE('',#2864,#665);
#507=LINE('',#2869,#666);
#508=LINE('',#2875,#667);
#509=LINE('',#2879,#668);
#510=LINE('',#2881,#669);
#511=LINE('',#2882,#670);
#512=LINE('',#2887,#671);
#513=LINE('',#2891,#672);
#514=LINE('',#2895,#673);
#515=LINE('',#2896,#674);
#516=VECTOR('',#1872,10.);
#517=VECTOR('',#1873,10.);
#518=VECTOR('',#1874,10.);
#519=VECTOR('',#1875,23.0108424714904);
#520=VECTOR('',#1876,10.);
#521=VECTOR('',#1877,10.);
#522=VECTOR('',#1878,10.);
#523=VECTOR('',#1879,10.);
#524=VECTOR('',#1880,10.);
#525=VECTOR('',#1881,10.);
#526=VECTOR('',#1884,10.);
#527=VECTOR('',#1885,10.);
#528=VECTOR('',#1886,19.3510810759404);
#529=VECTOR('',#1889,2.21130821689308);
#530=VECTOR('',#1894,10.);
#531=VECTOR('',#1897,30.99999998089);
#532=VECTOR('',#1900,34.4999999740514);
#533=VECTOR('',#1905,10.);
#534=VECTOR('',#1906,19.3493765743706);
#535=VECTOR('',#1915,3.399999995764);
#536=VECTOR('',#1920,2.9);
#537=VECTOR('',#1935,1.65);
#538=VECTOR('',#1940,32.55868142841);
#539=VECTOR('',#1943,10.);
#540=VECTOR('',#1944,2.5);
#541=VECTOR('',#1945,21.0147186257604);
#542=VECTOR('',#1946,2.5);
#543=VECTOR('',#1947,3.74264068711907);
#544=VECTOR('',#1950,29.);
#545=VECTOR('',#1953,28.8788837593506);
#546=VECTOR('',#1958,1.65);
#547=VECTOR('',#1961,15.0000000000003);
#548=VECTOR('',#1964,15.0000000000003);
#549=VECTOR('',#1967,32.55868142841);
#550=VECTOR('',#1968,15.0000000000003);
#551=VECTOR('',#1971,3.39882303690594);
#552=VECTOR('',#1974,5.89882326677179);
#553=VECTOR('',#1975,5.70235401313011);
#554=VECTOR('',#1978,2.58432837975405);
#555=VECTOR('',#1981,1.75735931288107);
#556=VECTOR('',#1988,1.75735931288107);
#557=VECTOR('',#1993,10.);
#558=VECTOR('',#1994,5.0843283797541);
#559=VECTOR('',#1997,1.75735931288107);
#560=VECTOR('',#2000,21.0147186257604);
#561=VECTOR('',#2003,1.75735931288107);
#562=VECTOR('',#2008,15.0000000000003);
#563=VECTOR('',#2009,4.01471862576108);
#564=VECTOR('',#2014,15.0000000000003);
#565=VECTOR('',#2015,29.);
#566=VECTOR('',#2020,15.0000000000003);
#567=VECTOR('',#2023,28.8788837593506);
#568=VECTOR('',#2026,10.);
#569=VECTOR('',#2031,34.5000000000007);
#570=VECTOR('',#2034,31.);
#571=VECTOR('',#2037,34.5000000000007);
#572=VECTOR('',#2042,10.);
#573=VECTOR('',#2043,10.);
#574=VECTOR('',#2048,19.5000000000796);
#575=VECTOR('',#2049,19.5000000001006);
#576=VECTOR('',#2052,2.12132034357308);
#577=VECTOR('',#2053,2.12132034357104);
#578=VECTOR('',#2056,10.);
#579=VECTOR('',#2057,2.121322543348);
#580=VECTOR('',#2060,19.4999767331908);
#581=VECTOR('',#2065,19.5000010697698);
#582=VECTOR('',#2070,2.12131968372603);
#583=VECTOR('',#2075,10.);
#584=VECTOR('',#2078,2.12131665832695);
#585=VECTOR('',#2079,1.826310577657);
#586=VECTOR('',#2080,2.1557569741869);
#587=VECTOR('',#2087,10.);
#588=VECTOR('',#2090,19.4999752369995);
#589=VECTOR('',#2093,2.12135536424697);
#590=VECTOR('',#2096,10.);
#591=VECTOR('',#2097,2.12132034357299);
#592=VECTOR('',#2100,19.5000000000999);
#593=VECTOR('',#2101,1.75735931288107);
#594=VECTOR('',#2104,21.0147186257604);
#595=VECTOR('',#2107,1.75735931288107);
#596=VECTOR('',#2110,4.01471862576108);
#597=VECTOR('',#2113,1.75735931288107);
#598=VECTOR('',#2118,1.75735931288107);
#599=VECTOR('',#2121,4.01471862576108);
#600=VECTOR('',#2126,2.5);
#601=VECTOR('',#2127,2.5);
#602=VECTOR('',#2130,2.5);
#603=VECTOR('',#2133,2.5);
#604=VECTOR('',#2136,2.5);
#605=VECTOR('',#2139,2.5);
#606=VECTOR('',#2142,2.517879978116);
#607=VECTOR('',#2145,2.517879978116);
#608=VECTOR('',#2148,2.5);
#609=VECTOR('',#2151,2.5);
#610=VECTOR('',#2158,2.50058815958);
#611=VECTOR('',#2161,4.01471862576108);
#612=VECTOR('',#2166,2.50058815958);
#613=VECTOR('',#2169,2.5);
#614=VECTOR('',#2172,2.5);
#615=VECTOR('',#2179,19.5000000000799);
#616=VECTOR('',#2182,2.12132034357108);
#617=VECTOR('',#2185,30.9999999826);
#618=VECTOR('',#2190,2.9);
#619=VECTOR('',#2195,3.399999995764);
#620=VECTOR('',#2198,23.0104548607996);
#621=VECTOR('',#2201,10.);
#622=VECTOR('',#2206,22.0604193570389);
#623=VECTOR('',#2213,10.);
#624=VECTOR('',#2214,10.);
#625=VECTOR('',#2215,10.);
#626=VECTOR('',#2216,10.);
#627=VECTOR('',#2217,10.);
#628=VECTOR('',#2220,10.);
#629=VECTOR('',#2221,10.);
#630=VECTOR('',#2224,14.04942357891);
#631=VECTOR('',#2225,14.);
#632=VECTOR('',#2226,10.);
#633=VECTOR('',#2227,10.);
#634=VECTOR('',#2228,10.);
#635=VECTOR('',#2229,14.);
#636=VECTOR('',#2230,10.11748813289);
#637=VECTOR('',#2233,10.);
#638=VECTOR('',#2234,10.);
#639=VECTOR('',#2237,10.11748813289);
#640=VECTOR('',#2238,14.);
#641=VECTOR('',#2239,10.);
#642=VECTOR('',#2240,10.);
#643=VECTOR('',#2241,10.);
#644=VECTOR('',#2242,14.);
#645=VECTOR('',#2243,14.04942357891);
#646=VECTOR('',#2246,10.);
#647=VECTOR('',#2249,10.);
#648=VECTOR('',#2250,10.);
#649=VECTOR('',#2253,3.09854447587);
#650=VECTOR('',#2256,3.1);
#651=VECTOR('',#2263,10.);
#652=VECTOR('',#2264,10.);
#653=VECTOR('',#2269,10.);
#654=VECTOR('',#2270,10.);
#655=VECTOR('',#2277,10.);
#656=VECTOR('',#2280,10.);
#657=VECTOR('',#2283,10.);
#658=VECTOR('',#2290,3.);
#659=VECTOR('',#2291,3.1);
#660=VECTOR('',#2292,1.41421356237291);
#661=VECTOR('',#2295,11.);
#662=VECTOR('',#2300,2.25);
#663=VECTOR('',#2305,2.25);
#664=VECTOR('',#2312,1.65);
#665=VECTOR('',#2315,1.65);
#666=VECTOR('',#2320,1.65);
#667=VECTOR('',#2327,1.65);
#668=VECTOR('',#2332,1.41421356237291);
#669=VECTOR('',#2333,3.09854447587);
#670=VECTOR('',#2334,3.);
#671=VECTOR('',#2341,2.399999997624);
#672=VECTOR('',#2346,2.399999997624);
#673=VECTOR('',#2353,9.596921082338);
#674=VECTOR('',#2354,9.596921082338);
#675=VERTEX_POINT('',#2367);
#676=VERTEX_POINT('',#2368);
#677=VERTEX_POINT('',#2370);
#678=VERTEX_POINT('',#2372);
#679=VERTEX_POINT('',#2374);
#680=VERTEX_POINT('',#2376);
#681=VERTEX_POINT('',#2379);
#682=VERTEX_POINT('',#2380);
#683=VERTEX_POINT('',#2382);
#684=VERTEX_POINT('',#2384);
#685=VERTEX_POINT('',#2388);
#686=VERTEX_POINT('',#2390);
#687=VERTEX_POINT('',#2394);
#688=VERTEX_POINT('',#2396);
#689=VERTEX_POINT('',#2398);
#690=VERTEX_POINT('',#2400);
#691=VERTEX_POINT('',#2402);
#692=VERTEX_POINT('',#2404);
#693=VERTEX_POINT('',#2406);
#694=VERTEX_POINT('',#2408);
#695=VERTEX_POINT('',#2410);
#696=VERTEX_POINT('',#2412);
#697=VERTEX_POINT('',#2414);
#698=VERTEX_POINT('',#2417);
#699=VERTEX_POINT('',#2419);
#700=VERTEX_POINT('',#2422);
#701=VERTEX_POINT('',#2426);
#702=VERTEX_POINT('',#2430);
#703=VERTEX_POINT('',#2433);
#704=VERTEX_POINT('',#2435);
#705=VERTEX_POINT('',#2438);
#706=VERTEX_POINT('',#2442);
#707=VERTEX_POINT('',#2443);
#708=VERTEX_POINT('',#2445);
#709=VERTEX_POINT('',#2447);
#710=VERTEX_POINT('',#2449);
#711=VERTEX_POINT('',#2451);
#712=VERTEX_POINT('',#2453);
#713=VERTEX_POINT('',#2455);
#714=VERTEX_POINT('',#2457);
#715=VERTEX_POINT('',#2459);
#716=VERTEX_POINT('',#2461);
#717=VERTEX_POINT('',#2463);
#718=VERTEX_POINT('',#2466);
#719=VERTEX_POINT('',#2471);
#720=VERTEX_POINT('',#2473);
#721=VERTEX_POINT('',#2477);
#722=VERTEX_POINT('',#2481);
#723=VERTEX_POINT('',#2483);
#724=VERTEX_POINT('',#2485);
#725=VERTEX_POINT('',#2489);
#726=VERTEX_POINT('',#2491);
#727=VERTEX_POINT('',#2493);
#728=VERTEX_POINT('',#2497);
#729=VERTEX_POINT('',#2499);
#730=VERTEX_POINT('',#2503);
#731=VERTEX_POINT('',#2505);
#732=VERTEX_POINT('',#2507);
#733=VERTEX_POINT('',#2509);
#734=VERTEX_POINT('',#2511);
#735=VERTEX_POINT('',#2513);
#736=VERTEX_POINT('',#2515);
#737=VERTEX_POINT('',#2517);
#738=VERTEX_POINT('',#2521);
#739=VERTEX_POINT('',#2523);
#740=VERTEX_POINT('',#2530);
#741=VERTEX_POINT('',#2540);
#742=VERTEX_POINT('',#2544);
#743=VERTEX_POINT('',#2550);
#744=VERTEX_POINT('',#2552);
#745=VERTEX_POINT('',#2554);
#746=VERTEX_POINT('',#2556);
#747=VERTEX_POINT('',#2558);
#748=VERTEX_POINT('',#2560);
#749=VERTEX_POINT('',#2562);
#750=VERTEX_POINT('',#2564);
#751=VERTEX_POINT('',#2566);
#752=VERTEX_POINT('',#2568);
#753=VERTEX_POINT('',#2570);
#754=VERTEX_POINT('',#2574);
#755=VERTEX_POINT('',#2575);
#756=VERTEX_POINT('',#2583);
#757=VERTEX_POINT('',#2589);
#758=VERTEX_POINT('',#2616);
#759=VERTEX_POINT('',#2622);
#760=VERTEX_POINT('',#2627);
#761=VERTEX_POINT('',#2653);
#762=VERTEX_POINT('',#2659);
#763=VERTEX_POINT('',#2664);
#764=VERTEX_POINT('',#2665);
#765=VERTEX_POINT('',#2667);
#766=VERTEX_POINT('',#2669);
#767=VERTEX_POINT('',#2671);
#768=VERTEX_POINT('',#2673);
#769=VERTEX_POINT('',#2675);
#770=VERTEX_POINT('',#2677);
#771=VERTEX_POINT('',#2679);
#772=VERTEX_POINT('',#2681);
#773=VERTEX_POINT('',#2684);
#774=VERTEX_POINT('',#2686);
#775=VERTEX_POINT('',#2688);
#776=VERTEX_POINT('',#2690);
#777=VERTEX_POINT('',#2714);
#778=VERTEX_POINT('',#2718);
#779=VERTEX_POINT('',#2729);
#780=VERTEX_POINT('',#2738);
#781=VERTEX_POINT('',#2753);
#782=VERTEX_POINT('',#2755);
#783=VERTEX_POINT('',#2757);
#784=VERTEX_POINT('',#2759);
#785=VERTEX_POINT('',#2763);
#786=VERTEX_POINT('',#2765);
#787=VERTEX_POINT('',#2767);
#788=VERTEX_POINT('',#2769);
#789=VERTEX_POINT('',#2771);
#790=VERTEX_POINT('',#2773);
#791=VERTEX_POINT('',#2775);
#792=VERTEX_POINT('',#2777);
#793=VERTEX_POINT('',#2779);
#794=VERTEX_POINT('',#2783);
#795=VERTEX_POINT('',#2787);
#796=VERTEX_POINT('',#2789);
#797=VERTEX_POINT('',#2791);
#798=VERTEX_POINT('',#2793);
#799=VERTEX_POINT('',#2795);
#800=VERTEX_POINT('',#2797);
#801=VERTEX_POINT('',#2799);
#802=VERTEX_POINT('',#2801);
#803=VERTEX_POINT('',#2808);
#804=VERTEX_POINT('',#2810);
#805=VERTEX_POINT('',#2813);
#806=VERTEX_POINT('',#2815);
#807=VERTEX_POINT('',#2818);
#808=VERTEX_POINT('',#2822);
#809=VERTEX_POINT('',#2826);
#810=VERTEX_POINT('',#2828);
#811=VERTEX_POINT('',#2833);
#812=VERTEX_POINT('',#2835);
#813=VERTEX_POINT('',#2838);
#814=VERTEX_POINT('',#2840);
#815=VERTEX_POINT('',#2843);
#816=VERTEX_POINT('',#2845);
#817=VERTEX_POINT('',#2852);
#818=VERTEX_POINT('',#2856);
#819=VERTEX_POINT('',#2858);
#820=VERTEX_POINT('',#2866);
#821=VERTEX_POINT('',#2867);
#822=VERTEX_POINT('',#2872);
#823=VERTEX_POINT('',#2873);
#824=VERTEX_POINT('',#2878);
#825=VERTEX_POINT('',#2880);
#826=VERTEX_POINT('',#2886);
#827=VERTEX_POINT('',#2890);
#828=EDGE_CURVE('',#675,#676,#357,.T.);
#829=EDGE_CURVE('',#676,#677,#358,.T.);
#830=EDGE_CURVE('',#677,#678,#359,.T.);
#831=EDGE_CURVE('',#678,#679,#360,.T.);
#832=EDGE_CURVE('',#679,#680,#361,.T.);
#833=EDGE_CURVE('',#680,#675,#362,.T.);
#834=EDGE_CURVE('',#681,#682,#363,.T.);
#835=EDGE_CURVE('',#683,#681,#364,.T.);
#836=EDGE_CURVE('',#684,#683,#365,.T.);
#837=EDGE_CURVE('',#682,#684,#366,.T.);
#838=EDGE_CURVE('',#675,#685,#367,.T.);
#839=EDGE_CURVE('',#686,#685,#368,.T.);
#840=EDGE_CURVE('',#676,#686,#369,.T.);
#841=EDGE_CURVE('',#686,#687,#370,.T.);
#842=EDGE_CURVE('',#687,#688,#68,.T.);
#843=EDGE_CURVE('',#689,#688,#69,.T.);
#844=EDGE_CURVE('',#690,#689,#371,.T.);
#845=EDGE_CURVE('',#691,#690,#70,.T.);
#846=EDGE_CURVE('',#692,#691,#372,.T.);
#847=EDGE_CURVE('',#693,#692,#71,.T.);
#848=EDGE_CURVE('',#694,#693,#373,.T.);
#849=EDGE_CURVE('',#695,#694,#72,.T.);
#850=EDGE_CURVE('',#695,#696,#73,.T.);
#851=EDGE_CURVE('',#696,#697,#374,.T.);
#852=EDGE_CURVE('',#677,#697,#375,.T.);
#853=EDGE_CURVE('',#698,#698,#74,.T.);
#854=EDGE_CURVE('',#699,#699,#75,.T.);
#855=EDGE_CURVE('',#700,#700,#76,.T.);
#856=EDGE_CURVE('',#700,#699,#376,.T.);
#857=EDGE_CURVE('',#701,#701,#77,.T.);
#858=EDGE_CURVE('',#701,#700,#377,.T.);
#859=EDGE_CURVE('',#702,#702,#78,.T.);
#860=EDGE_CURVE('',#703,#703,#79,.T.);
#861=EDGE_CURVE('',#704,#704,#80,.T.);
#862=EDGE_CURVE('',#705,#705,#81,.T.);
#863=EDGE_CURVE('',#705,#702,#378,.T.);
#864=EDGE_CURVE('',#706,#707,#82,.T.);
#865=EDGE_CURVE('',#707,#708,#379,.T.);
#866=EDGE_CURVE('',#708,#709,#83,.T.);
#867=EDGE_CURVE('',#709,#710,#380,.T.);
#868=EDGE_CURVE('',#711,#710,#381,.T.);
#869=EDGE_CURVE('',#711,#712,#382,.T.);
#870=EDGE_CURVE('',#713,#712,#383,.T.);
#871=EDGE_CURVE('',#714,#713,#384,.T.);
#872=EDGE_CURVE('',#714,#715,#84,.T.);
#873=EDGE_CURVE('',#715,#716,#385,.T.);
#874=EDGE_CURVE('',#716,#717,#85,.T.);
#875=EDGE_CURVE('',#717,#706,#386,.T.);
#876=EDGE_CURVE('',#718,#718,#86,.T.);
#877=EDGE_CURVE('',#718,#704,#387,.T.);
#878=EDGE_CURVE('',#706,#719,#388,.T.);
#879=EDGE_CURVE('',#720,#719,#87,.T.);
#880=EDGE_CURVE('',#707,#720,#389,.T.);
#881=EDGE_CURVE('',#720,#721,#390,.T.);
#882=EDGE_CURVE('',#708,#721,#391,.T.);
#883=EDGE_CURVE('',#709,#722,#392,.T.);
#884=EDGE_CURVE('',#723,#721,#88,.T.);
#885=EDGE_CURVE('',#724,#723,#393,.T.);
#886=EDGE_CURVE('',#724,#722,#394,.T.);
#887=EDGE_CURVE('',#714,#725,#395,.T.);
#888=EDGE_CURVE('',#713,#726,#89,.T.);
#889=EDGE_CURVE('',#726,#727,#396,.T.);
#890=EDGE_CURVE('',#727,#725,#90,.T.);
#891=EDGE_CURVE('',#722,#728,#91,.T.);
#892=EDGE_CURVE('',#728,#729,#397,.T.);
#893=EDGE_CURVE('',#729,#710,#92,.T.);
#894=EDGE_CURVE('',#730,#723,#398,.T.);
#895=EDGE_CURVE('',#731,#730,#399,.T.);
#896=EDGE_CURVE('',#731,#732,#93,.T.);
#897=EDGE_CURVE('',#732,#733,#400,.T.);
#898=EDGE_CURVE('',#733,#734,#94,.T.);
#899=EDGE_CURVE('',#735,#734,#401,.T.);
#900=EDGE_CURVE('',#735,#736,#95,.T.);
#901=EDGE_CURVE('',#736,#737,#402,.T.);
#902=EDGE_CURVE('',#737,#724,#96,.T.);
#903=EDGE_CURVE('',#715,#738,#403,.T.);
#904=EDGE_CURVE('',#725,#739,#23,.T.);
#905=EDGE_CURVE('',#740,#739,#404,.T.);
#906=EDGE_CURVE('',#740,#731,#24,.T.);
#907=EDGE_CURVE('',#738,#730,#97,.T.);
#908=EDGE_CURVE('',#716,#741,#405,.T.);
#909=EDGE_CURVE('',#741,#738,#406,.T.);
#910=EDGE_CURVE('',#742,#741,#98,.T.);
#911=EDGE_CURVE('',#717,#742,#407,.T.);
#912=EDGE_CURVE('',#719,#742,#408,.T.);
#913=EDGE_CURVE('',#743,#679,#409,.T.);
#914=EDGE_CURVE('',#744,#743,#99,.T.);
#915=EDGE_CURVE('',#745,#744,#100,.T.);
#916=EDGE_CURVE('',#746,#745,#410,.T.);
#917=EDGE_CURVE('',#746,#747,#101,.T.);
#918=EDGE_CURVE('',#747,#748,#411,.T.);
#919=EDGE_CURVE('',#748,#749,#102,.T.);
#920=EDGE_CURVE('',#749,#750,#412,.T.);
#921=EDGE_CURVE('',#751,#750,#103,.T.);
#922=EDGE_CURVE('',#752,#751,#104,.T.);
#923=EDGE_CURVE('',#752,#753,#413,.T.);
#924=EDGE_CURVE('',#680,#753,#414,.T.);
#925=EDGE_CURVE('',#754,#755,#105,.T.);
#926=EDGE_CURVE('',#755,#749,#415,.T.);
#927=EDGE_CURVE('',#754,#748,#416,.T.);
#928=EDGE_CURVE('',#754,#691,#417,.T.);
#929=EDGE_CURVE('',#755,#690,#418,.T.);
#930=EDGE_CURVE('',#755,#756,#419,.T.);
#931=EDGE_CURVE('',#756,#689,#420,.T.);
#932=EDGE_CURVE('',#756,#750,#421,.T.);
#933=EDGE_CURVE('',#756,#757,#106,.T.);
#934=EDGE_CURVE('',#751,#757,#422,.T.);
#935=EDGE_CURVE('',#757,#688,#25,.T.);
#936=EDGE_CURVE('',#687,#758,#423,.T.);
#937=EDGE_CURVE('',#758,#757,#107,.T.);
#938=EDGE_CURVE('',#685,#758,#424,.T.);
#939=EDGE_CURVE('',#696,#759,#425,.T.);
#940=EDGE_CURVE('',#759,#678,#426,.T.);
#941=EDGE_CURVE('',#697,#678,#427,.T.);
#942=EDGE_CURVE('',#760,#759,#108,.T.);
#943=EDGE_CURVE('',#695,#760,#26,.T.);
#944=EDGE_CURVE('',#760,#744,#428,.T.);
#945=EDGE_CURVE('',#760,#761,#109,.T.);
#946=EDGE_CURVE('',#761,#745,#429,.T.);
#947=EDGE_CURVE('',#761,#694,#430,.T.);
#948=EDGE_CURVE('',#761,#762,#431,.T.);
#949=EDGE_CURVE('',#762,#693,#432,.T.);
#950=EDGE_CURVE('',#762,#746,#433,.T.);
#951=EDGE_CURVE('',#763,#764,#434,.T.);
#952=EDGE_CURVE('',#764,#765,#110,.T.);
#953=EDGE_CURVE('',#765,#766,#435,.T.);
#954=EDGE_CURVE('',#766,#767,#111,.T.);
#955=EDGE_CURVE('',#767,#768,#436,.T.);
#956=EDGE_CURVE('',#768,#769,#112,.T.);
#957=EDGE_CURVE('',#769,#770,#437,.T.);
#958=EDGE_CURVE('',#770,#771,#113,.T.);
#959=EDGE_CURVE('',#771,#772,#438,.T.);
#960=EDGE_CURVE('',#772,#712,#114,.T.);
#961=EDGE_CURVE('',#711,#773,#115,.T.);
#962=EDGE_CURVE('',#773,#774,#439,.T.);
#963=EDGE_CURVE('',#774,#775,#116,.T.);
#964=EDGE_CURVE('',#775,#776,#440,.T.);
#965=EDGE_CURVE('',#776,#763,#117,.T.);
#966=EDGE_CURVE('',#736,#764,#441,.T.);
#967=EDGE_CURVE('',#763,#737,#442,.T.);
#968=EDGE_CURVE('',#735,#765,#443,.T.);
#969=EDGE_CURVE('',#766,#734,#444,.T.);
#970=EDGE_CURVE('',#767,#733,#445,.T.);
#971=EDGE_CURVE('',#732,#768,#446,.T.);
#972=EDGE_CURVE('',#769,#740,#447,.T.);
#973=EDGE_CURVE('',#770,#739,#448,.T.);
#974=EDGE_CURVE('',#771,#727,#449,.T.);
#975=EDGE_CURVE('',#726,#772,#450,.T.);
#976=EDGE_CURVE('',#777,#724,#118,.T.);
#977=EDGE_CURVE('',#776,#777,#451,.T.);
#978=EDGE_CURVE('',#778,#777,#452,.T.);
#979=EDGE_CURVE('',#778,#722,#119,.T.);
#980=EDGE_CURVE('',#778,#775,#453,.T.);
#981=EDGE_CURVE('',#728,#774,#454,.T.);
#982=EDGE_CURVE('',#773,#729,#455,.T.);
#983=EDGE_CURVE('',#762,#779,#120,.T.);
#984=EDGE_CURVE('',#779,#747,#456,.T.);
#985=EDGE_CURVE('',#779,#692,#457,.T.);
#986=EDGE_CURVE('',#779,#754,#458,.T.);
#987=EDGE_CURVE('',#703,#780,#459,.T.);
#988=EDGE_CURVE('',#780,#780,#121,.T.);
#989=EDGE_CURVE('',#780,#698,#460,.T.);
#990=EDGE_CURVE('',#685,#753,#461,.T.);
#991=EDGE_CURVE('',#759,#743,#462,.T.);
#992=EDGE_CURVE('',#758,#752,#463,.T.);
#993=EDGE_CURVE('',#683,#781,#464,.T.);
#994=EDGE_CURVE('',#781,#782,#465,.T.);
#995=EDGE_CURVE('',#782,#783,#466,.T.);
#996=EDGE_CURVE('',#783,#784,#467,.T.);
#997=EDGE_CURVE('',#684,#784,#468,.T.);
#998=EDGE_CURVE('',#785,#681,#469,.T.);
#999=EDGE_CURVE('',#786,#785,#470,.T.);
#1000=EDGE_CURVE('',#787,#786,#122,.T.);
#1001=EDGE_CURVE('',#788,#787,#471,.T.);
#1002=EDGE_CURVE('',#789,#788,#472,.T.);
#1003=EDGE_CURVE('',#789,#790,#473,.T.);
#1004=EDGE_CURVE('',#790,#791,#474,.T.);
#1005=EDGE_CURVE('',#791,#792,#475,.T.);
#1006=EDGE_CURVE('',#793,#792,#476,.T.);
#1007=EDGE_CURVE('',#781,#793,#477,.T.);
#1008=EDGE_CURVE('',#794,#682,#478,.T.);
#1009=EDGE_CURVE('',#785,#794,#479,.T.);
#1010=EDGE_CURVE('',#795,#784,#480,.T.);
#1011=EDGE_CURVE('',#795,#796,#481,.T.);
#1012=EDGE_CURVE('',#796,#797,#482,.T.);
#1013=EDGE_CURVE('',#797,#798,#483,.T.);
#1014=EDGE_CURVE('',#798,#799,#484,.T.);
#1015=EDGE_CURVE('',#799,#800,#485,.T.);
#1016=EDGE_CURVE('',#801,#800,#486,.T.);
#1017=EDGE_CURVE('',#802,#801,#123,.T.);
#1018=EDGE_CURVE('',#794,#802,#487,.T.);
#1019=EDGE_CURVE('',#786,#802,#488,.T.);
#1020=EDGE_CURVE('',#801,#787,#489,.T.);
#1021=EDGE_CURVE('',#800,#803,#490,.T.);
#1022=EDGE_CURVE('',#803,#804,#124,.T.);
#1023=EDGE_CURVE('',#804,#788,#491,.T.);
#1024=EDGE_CURVE('',#805,#805,#125,.T.);
#1025=EDGE_CURVE('',#806,#806,#126,.T.);
#1026=EDGE_CURVE('',#807,#789,#492,.T.);
#1027=EDGE_CURVE('',#807,#804,#493,.T.);
#1028=EDGE_CURVE('',#808,#807,#127,.T.);
#1029=EDGE_CURVE('',#799,#808,#494,.T.);
#1030=EDGE_CURVE('',#790,#798,#495,.T.);
#1031=EDGE_CURVE('',#809,#809,#128,.T.);
#1032=EDGE_CURVE('',#810,#810,#129,.T.);
#1033=EDGE_CURVE('',#797,#791,#496,.T.);
#1034=EDGE_CURVE('',#811,#796,#497,.T.);
#1035=EDGE_CURVE('',#812,#811,#130,.T.);
#1036=EDGE_CURVE('',#792,#812,#498,.T.);
#1037=EDGE_CURVE('',#813,#813,#131,.T.);
#1038=EDGE_CURVE('',#814,#814,#132,.T.);
#1039=EDGE_CURVE('',#815,#812,#499,.T.);
#1040=EDGE_CURVE('',#815,#816,#500,.T.);
#1041=EDGE_CURVE('',#816,#793,#501,.T.);
#1042=EDGE_CURVE('',#808,#803,#502,.T.);
#1043=EDGE_CURVE('',#805,#817,#503,.T.);
#1044=EDGE_CURVE('',#817,#817,#133,.T.);
#1045=EDGE_CURVE('',#806,#818,#504,.T.);
#1046=EDGE_CURVE('',#819,#818,#134,.T.);
#1047=EDGE_CURVE('',#818,#819,#135,.T.);
#1048=EDGE_CURVE('',#819,#809,#505,.T.);
#1049=EDGE_CURVE('',#817,#810,#506,.T.);
#1050=EDGE_CURVE('',#820,#821,#136,.T.);
#1051=EDGE_CURVE('',#820,#813,#507,.T.);
#1052=EDGE_CURVE('',#821,#820,#137,.T.);
#1053=EDGE_CURVE('',#822,#823,#138,.T.);
#1054=EDGE_CURVE('',#822,#814,#508,.T.);
#1055=EDGE_CURVE('',#823,#822,#139,.T.);
#1056=EDGE_CURVE('',#795,#824,#509,.T.);
#1057=EDGE_CURVE('',#824,#825,#510,.T.);
#1058=EDGE_CURVE('',#825,#811,#511,.T.);
#1059=EDGE_CURVE('',#815,#825,#140,.T.);
#1060=EDGE_CURVE('',#821,#826,#512,.T.);
#1061=EDGE_CURVE('',#826,#826,#141,.T.);
#1062=EDGE_CURVE('',#823,#827,#513,.T.);
#1063=EDGE_CURVE('',#827,#827,#142,.T.);
#1064=EDGE_CURVE('',#824,#783,#514,.T.);
#1065=EDGE_CURVE('',#782,#816,#515,.T.);
#1066=ORIENTED_EDGE('',*,*,#828,.T.);
#1067=ORIENTED_EDGE('',*,*,#829,.T.);
#1068=ORIENTED_EDGE('',*,*,#830,.T.);
#1069=ORIENTED_EDGE('',*,*,#831,.T.);
#1070=ORIENTED_EDGE('',*,*,#832,.T.);
#1071=ORIENTED_EDGE('',*,*,#833,.T.);
#1072=ORIENTED_EDGE('',*,*,#834,.F.);
#1073=ORIENTED_EDGE('',*,*,#835,.F.);
#1074=ORIENTED_EDGE('',*,*,#836,.F.);
#1075=ORIENTED_EDGE('',*,*,#837,.F.);
#1076=ORIENTED_EDGE('',*,*,#828,.F.);
#1077=ORIENTED_EDGE('',*,*,#838,.T.);
#1078=ORIENTED_EDGE('',*,*,#839,.F.);
#1079=ORIENTED_EDGE('',*,*,#840,.F.);
#1080=ORIENTED_EDGE('',*,*,#829,.F.);
#1081=ORIENTED_EDGE('',*,*,#840,.T.);
#1082=ORIENTED_EDGE('',*,*,#841,.T.);
#1083=ORIENTED_EDGE('',*,*,#842,.T.);
#1084=ORIENTED_EDGE('',*,*,#843,.F.);
#1085=ORIENTED_EDGE('',*,*,#844,.F.);
#1086=ORIENTED_EDGE('',*,*,#845,.F.);
#1087=ORIENTED_EDGE('',*,*,#846,.F.);
#1088=ORIENTED_EDGE('',*,*,#847,.F.);
#1089=ORIENTED_EDGE('',*,*,#848,.F.);
#1090=ORIENTED_EDGE('',*,*,#849,.F.);
#1091=ORIENTED_EDGE('',*,*,#850,.T.);
#1092=ORIENTED_EDGE('',*,*,#851,.T.);
#1093=ORIENTED_EDGE('',*,*,#852,.F.);
#1094=ORIENTED_EDGE('',*,*,#853,.T.);
#1095=ORIENTED_EDGE('',*,*,#854,.T.);
#1096=ORIENTED_EDGE('',*,*,#855,.T.);
#1097=ORIENTED_EDGE('',*,*,#856,.T.);
#1098=ORIENTED_EDGE('',*,*,#854,.F.);
#1099=ORIENTED_EDGE('',*,*,#856,.F.);
#1100=ORIENTED_EDGE('',*,*,#857,.F.);
#1101=ORIENTED_EDGE('',*,*,#858,.T.);
#1102=ORIENTED_EDGE('',*,*,#855,.F.);
#1103=ORIENTED_EDGE('',*,*,#858,.F.);
#1104=ORIENTED_EDGE('',*,*,#857,.T.);
#1105=ORIENTED_EDGE('',*,*,#859,.F.);
#1106=ORIENTED_EDGE('',*,*,#860,.T.);
#1107=ORIENTED_EDGE('',*,*,#861,.F.);
#1108=ORIENTED_EDGE('',*,*,#862,.F.);
#1109=ORIENTED_EDGE('',*,*,#863,.T.);
#1110=ORIENTED_EDGE('',*,*,#859,.T.);
#1111=ORIENTED_EDGE('',*,*,#863,.F.);
#1112=ORIENTED_EDGE('',*,*,#864,.T.);
#1113=ORIENTED_EDGE('',*,*,#865,.T.);
#1114=ORIENTED_EDGE('',*,*,#866,.T.);
#1115=ORIENTED_EDGE('',*,*,#867,.T.);
#1116=ORIENTED_EDGE('',*,*,#868,.F.);
#1117=ORIENTED_EDGE('',*,*,#869,.T.);
#1118=ORIENTED_EDGE('',*,*,#870,.F.);
#1119=ORIENTED_EDGE('',*,*,#871,.F.);
#1120=ORIENTED_EDGE('',*,*,#872,.T.);
#1121=ORIENTED_EDGE('',*,*,#873,.T.);
#1122=ORIENTED_EDGE('',*,*,#874,.T.);
#1123=ORIENTED_EDGE('',*,*,#875,.T.);
#1124=ORIENTED_EDGE('',*,*,#876,.T.);
#1125=ORIENTED_EDGE('',*,*,#862,.T.);
#1126=ORIENTED_EDGE('',*,*,#876,.F.);
#1127=ORIENTED_EDGE('',*,*,#877,.T.);
#1128=ORIENTED_EDGE('',*,*,#861,.T.);
#1129=ORIENTED_EDGE('',*,*,#877,.F.);
#1130=ORIENTED_EDGE('',*,*,#864,.F.);
#1131=ORIENTED_EDGE('',*,*,#878,.T.);
#1132=ORIENTED_EDGE('',*,*,#879,.F.);
#1133=ORIENTED_EDGE('',*,*,#880,.F.);
#1134=ORIENTED_EDGE('',*,*,#880,.T.);
#1135=ORIENTED_EDGE('',*,*,#881,.T.);
#1136=ORIENTED_EDGE('',*,*,#882,.F.);
#1137=ORIENTED_EDGE('',*,*,#865,.F.);
#1138=ORIENTED_EDGE('',*,*,#883,.F.);
#1139=ORIENTED_EDGE('',*,*,#866,.F.);
#1140=ORIENTED_EDGE('',*,*,#882,.T.);
#1141=ORIENTED_EDGE('',*,*,#884,.F.);
#1142=ORIENTED_EDGE('',*,*,#885,.F.);
#1143=ORIENTED_EDGE('',*,*,#886,.T.);
#1144=ORIENTED_EDGE('',*,*,#887,.F.);
#1145=ORIENTED_EDGE('',*,*,#871,.T.);
#1146=ORIENTED_EDGE('',*,*,#888,.T.);
#1147=ORIENTED_EDGE('',*,*,#889,.T.);
#1148=ORIENTED_EDGE('',*,*,#890,.T.);
#1149=ORIENTED_EDGE('',*,*,#883,.T.);
#1150=ORIENTED_EDGE('',*,*,#891,.T.);
#1151=ORIENTED_EDGE('',*,*,#892,.T.);
#1152=ORIENTED_EDGE('',*,*,#893,.T.);
#1153=ORIENTED_EDGE('',*,*,#867,.F.);
#1154=ORIENTED_EDGE('',*,*,#885,.T.);
#1155=ORIENTED_EDGE('',*,*,#894,.F.);
#1156=ORIENTED_EDGE('',*,*,#895,.F.);
#1157=ORIENTED_EDGE('',*,*,#896,.T.);
#1158=ORIENTED_EDGE('',*,*,#897,.T.);
#1159=ORIENTED_EDGE('',*,*,#898,.T.);
#1160=ORIENTED_EDGE('',*,*,#899,.F.);
#1161=ORIENTED_EDGE('',*,*,#900,.T.);
#1162=ORIENTED_EDGE('',*,*,#901,.T.);
#1163=ORIENTED_EDGE('',*,*,#902,.T.);
#1164=ORIENTED_EDGE('',*,*,#903,.F.);
#1165=ORIENTED_EDGE('',*,*,#872,.F.);
#1166=ORIENTED_EDGE('',*,*,#887,.T.);
#1167=ORIENTED_EDGE('',*,*,#904,.T.);
#1168=ORIENTED_EDGE('',*,*,#905,.F.);
#1169=ORIENTED_EDGE('',*,*,#906,.T.);
#1170=ORIENTED_EDGE('',*,*,#895,.T.);
#1171=ORIENTED_EDGE('',*,*,#907,.F.);
#1172=ORIENTED_EDGE('',*,*,#908,.F.);
#1173=ORIENTED_EDGE('',*,*,#873,.F.);
#1174=ORIENTED_EDGE('',*,*,#903,.T.);
#1175=ORIENTED_EDGE('',*,*,#909,.F.);
#1176=ORIENTED_EDGE('',*,*,#874,.F.);
#1177=ORIENTED_EDGE('',*,*,#908,.T.);
#1178=ORIENTED_EDGE('',*,*,#910,.F.);
#1179=ORIENTED_EDGE('',*,*,#911,.F.);
#1180=ORIENTED_EDGE('',*,*,#878,.F.);
#1181=ORIENTED_EDGE('',*,*,#875,.F.);
#1182=ORIENTED_EDGE('',*,*,#911,.T.);
#1183=ORIENTED_EDGE('',*,*,#912,.F.);
#1184=ORIENTED_EDGE('',*,*,#832,.F.);
#1185=ORIENTED_EDGE('',*,*,#913,.F.);
#1186=ORIENTED_EDGE('',*,*,#914,.F.);
#1187=ORIENTED_EDGE('',*,*,#915,.F.);
#1188=ORIENTED_EDGE('',*,*,#916,.F.);
#1189=ORIENTED_EDGE('',*,*,#917,.T.);
#1190=ORIENTED_EDGE('',*,*,#918,.T.);
#1191=ORIENTED_EDGE('',*,*,#919,.T.);
#1192=ORIENTED_EDGE('',*,*,#920,.T.);
#1193=ORIENTED_EDGE('',*,*,#921,.F.);
#1194=ORIENTED_EDGE('',*,*,#922,.F.);
#1195=ORIENTED_EDGE('',*,*,#923,.T.);
#1196=ORIENTED_EDGE('',*,*,#924,.F.);
#1197=ORIENTED_EDGE('',*,*,#879,.T.);
#1198=ORIENTED_EDGE('',*,*,#912,.T.);
#1199=ORIENTED_EDGE('',*,*,#910,.T.);
#1200=ORIENTED_EDGE('',*,*,#909,.T.);
#1201=ORIENTED_EDGE('',*,*,#907,.T.);
#1202=ORIENTED_EDGE('',*,*,#894,.T.);
#1203=ORIENTED_EDGE('',*,*,#884,.T.);
#1204=ORIENTED_EDGE('',*,*,#881,.F.);
#1205=ORIENTED_EDGE('',*,*,#925,.T.);
#1206=ORIENTED_EDGE('',*,*,#926,.T.);
#1207=ORIENTED_EDGE('',*,*,#919,.F.);
#1208=ORIENTED_EDGE('',*,*,#927,.F.);
#1209=ORIENTED_EDGE('',*,*,#925,.F.);
#1210=ORIENTED_EDGE('',*,*,#928,.T.);
#1211=ORIENTED_EDGE('',*,*,#845,.T.);
#1212=ORIENTED_EDGE('',*,*,#929,.F.);
#1213=ORIENTED_EDGE('',*,*,#930,.F.);
#1214=ORIENTED_EDGE('',*,*,#929,.T.);
#1215=ORIENTED_EDGE('',*,*,#844,.T.);
#1216=ORIENTED_EDGE('',*,*,#931,.F.);
#1217=ORIENTED_EDGE('',*,*,#930,.T.);
#1218=ORIENTED_EDGE('',*,*,#932,.T.);
#1219=ORIENTED_EDGE('',*,*,#920,.F.);
#1220=ORIENTED_EDGE('',*,*,#926,.F.);
#1221=ORIENTED_EDGE('',*,*,#933,.T.);
#1222=ORIENTED_EDGE('',*,*,#934,.F.);
#1223=ORIENTED_EDGE('',*,*,#921,.T.);
#1224=ORIENTED_EDGE('',*,*,#932,.F.);
#1225=ORIENTED_EDGE('',*,*,#843,.T.);
#1226=ORIENTED_EDGE('',*,*,#935,.F.);
#1227=ORIENTED_EDGE('',*,*,#933,.F.);
#1228=ORIENTED_EDGE('',*,*,#931,.T.);
#1229=ORIENTED_EDGE('',*,*,#842,.F.);
#1230=ORIENTED_EDGE('',*,*,#936,.T.);
#1231=ORIENTED_EDGE('',*,*,#937,.T.);
#1232=ORIENTED_EDGE('',*,*,#935,.T.);
#1233=ORIENTED_EDGE('',*,*,#841,.F.);
#1234=ORIENTED_EDGE('',*,*,#839,.T.);
#1235=ORIENTED_EDGE('',*,*,#938,.T.);
#1236=ORIENTED_EDGE('',*,*,#936,.F.);
#1237=ORIENTED_EDGE('',*,*,#939,.T.);
#1238=ORIENTED_EDGE('',*,*,#940,.T.);
#1239=ORIENTED_EDGE('',*,*,#941,.F.);
#1240=ORIENTED_EDGE('',*,*,#851,.F.);
#1241=ORIENTED_EDGE('',*,*,#942,.T.);
#1242=ORIENTED_EDGE('',*,*,#939,.F.);
#1243=ORIENTED_EDGE('',*,*,#850,.F.);
#1244=ORIENTED_EDGE('',*,*,#943,.T.);
#1245=ORIENTED_EDGE('',*,*,#915,.T.);
#1246=ORIENTED_EDGE('',*,*,#944,.F.);
#1247=ORIENTED_EDGE('',*,*,#945,.T.);
#1248=ORIENTED_EDGE('',*,*,#946,.T.);
#1249=ORIENTED_EDGE('',*,*,#945,.F.);
#1250=ORIENTED_EDGE('',*,*,#943,.F.);
#1251=ORIENTED_EDGE('',*,*,#849,.T.);
#1252=ORIENTED_EDGE('',*,*,#947,.F.);
#1253=ORIENTED_EDGE('',*,*,#948,.F.);
#1254=ORIENTED_EDGE('',*,*,#947,.T.);
#1255=ORIENTED_EDGE('',*,*,#848,.T.);
#1256=ORIENTED_EDGE('',*,*,#949,.F.);
#1257=ORIENTED_EDGE('',*,*,#948,.T.);
#1258=ORIENTED_EDGE('',*,*,#950,.T.);
#1259=ORIENTED_EDGE('',*,*,#916,.T.);
#1260=ORIENTED_EDGE('',*,*,#946,.F.);
#1261=ORIENTED_EDGE('',*,*,#951,.T.);
#1262=ORIENTED_EDGE('',*,*,#952,.T.);
#1263=ORIENTED_EDGE('',*,*,#953,.T.);
#1264=ORIENTED_EDGE('',*,*,#954,.T.);
#1265=ORIENTED_EDGE('',*,*,#955,.T.);
#1266=ORIENTED_EDGE('',*,*,#956,.T.);
#1267=ORIENTED_EDGE('',*,*,#957,.T.);
#1268=ORIENTED_EDGE('',*,*,#958,.T.);
#1269=ORIENTED_EDGE('',*,*,#959,.T.);
#1270=ORIENTED_EDGE('',*,*,#960,.T.);
#1271=ORIENTED_EDGE('',*,*,#869,.F.);
#1272=ORIENTED_EDGE('',*,*,#961,.T.);
#1273=ORIENTED_EDGE('',*,*,#962,.T.);
#1274=ORIENTED_EDGE('',*,*,#963,.T.);
#1275=ORIENTED_EDGE('',*,*,#964,.T.);
#1276=ORIENTED_EDGE('',*,*,#965,.T.);
#1277=ORIENTED_EDGE('',*,*,#966,.T.);
#1278=ORIENTED_EDGE('',*,*,#951,.F.);
#1279=ORIENTED_EDGE('',*,*,#967,.T.);
#1280=ORIENTED_EDGE('',*,*,#901,.F.);
#1281=ORIENTED_EDGE('',*,*,#968,.T.);
#1282=ORIENTED_EDGE('',*,*,#952,.F.);
#1283=ORIENTED_EDGE('',*,*,#966,.F.);
#1284=ORIENTED_EDGE('',*,*,#900,.F.);
#1285=ORIENTED_EDGE('',*,*,#968,.F.);
#1286=ORIENTED_EDGE('',*,*,#899,.T.);
#1287=ORIENTED_EDGE('',*,*,#969,.F.);
#1288=ORIENTED_EDGE('',*,*,#953,.F.);
#1289=ORIENTED_EDGE('',*,*,#969,.T.);
#1290=ORIENTED_EDGE('',*,*,#898,.F.);
#1291=ORIENTED_EDGE('',*,*,#970,.F.);
#1292=ORIENTED_EDGE('',*,*,#954,.F.);
#1293=ORIENTED_EDGE('',*,*,#971,.T.);
#1294=ORIENTED_EDGE('',*,*,#955,.F.);
#1295=ORIENTED_EDGE('',*,*,#970,.T.);
#1296=ORIENTED_EDGE('',*,*,#897,.F.);
#1297=ORIENTED_EDGE('',*,*,#972,.F.);
#1298=ORIENTED_EDGE('',*,*,#956,.F.);
#1299=ORIENTED_EDGE('',*,*,#971,.F.);
#1300=ORIENTED_EDGE('',*,*,#896,.F.);
#1301=ORIENTED_EDGE('',*,*,#906,.F.);
#1302=ORIENTED_EDGE('',*,*,#973,.F.);
#1303=ORIENTED_EDGE('',*,*,#957,.F.);
#1304=ORIENTED_EDGE('',*,*,#972,.T.);
#1305=ORIENTED_EDGE('',*,*,#905,.T.);
#1306=ORIENTED_EDGE('',*,*,#890,.F.);
#1307=ORIENTED_EDGE('',*,*,#974,.F.);
#1308=ORIENTED_EDGE('',*,*,#958,.F.);
#1309=ORIENTED_EDGE('',*,*,#973,.T.);
#1310=ORIENTED_EDGE('',*,*,#904,.F.);
#1311=ORIENTED_EDGE('',*,*,#975,.T.);
#1312=ORIENTED_EDGE('',*,*,#959,.F.);
#1313=ORIENTED_EDGE('',*,*,#974,.T.);
#1314=ORIENTED_EDGE('',*,*,#889,.F.);
#1315=ORIENTED_EDGE('',*,*,#870,.T.);
#1316=ORIENTED_EDGE('',*,*,#960,.F.);
#1317=ORIENTED_EDGE('',*,*,#975,.F.);
#1318=ORIENTED_EDGE('',*,*,#888,.F.);
#1319=ORIENTED_EDGE('',*,*,#976,.T.);
#1320=ORIENTED_EDGE('',*,*,#902,.F.);
#1321=ORIENTED_EDGE('',*,*,#967,.F.);
#1322=ORIENTED_EDGE('',*,*,#965,.F.);
#1323=ORIENTED_EDGE('',*,*,#977,.T.);
#1324=ORIENTED_EDGE('',*,*,#978,.F.);
#1325=ORIENTED_EDGE('',*,*,#979,.T.);
#1326=ORIENTED_EDGE('',*,*,#886,.F.);
#1327=ORIENTED_EDGE('',*,*,#976,.F.);
#1328=ORIENTED_EDGE('',*,*,#978,.T.);
#1329=ORIENTED_EDGE('',*,*,#977,.F.);
#1330=ORIENTED_EDGE('',*,*,#964,.F.);
#1331=ORIENTED_EDGE('',*,*,#980,.F.);
#1332=ORIENTED_EDGE('',*,*,#979,.F.);
#1333=ORIENTED_EDGE('',*,*,#980,.T.);
#1334=ORIENTED_EDGE('',*,*,#963,.F.);
#1335=ORIENTED_EDGE('',*,*,#981,.F.);
#1336=ORIENTED_EDGE('',*,*,#891,.F.);
#1337=ORIENTED_EDGE('',*,*,#981,.T.);
#1338=ORIENTED_EDGE('',*,*,#962,.F.);
#1339=ORIENTED_EDGE('',*,*,#982,.T.);
#1340=ORIENTED_EDGE('',*,*,#892,.F.);
#1341=ORIENTED_EDGE('',*,*,#868,.T.);
#1342=ORIENTED_EDGE('',*,*,#893,.F.);
#1343=ORIENTED_EDGE('',*,*,#982,.F.);
#1344=ORIENTED_EDGE('',*,*,#961,.F.);
#1345=ORIENTED_EDGE('',*,*,#983,.T.);
#1346=ORIENTED_EDGE('',*,*,#984,.T.);
#1347=ORIENTED_EDGE('',*,*,#917,.F.);
#1348=ORIENTED_EDGE('',*,*,#950,.F.);
#1349=ORIENTED_EDGE('',*,*,#983,.F.);
#1350=ORIENTED_EDGE('',*,*,#949,.T.);
#1351=ORIENTED_EDGE('',*,*,#847,.T.);
#1352=ORIENTED_EDGE('',*,*,#985,.F.);
#1353=ORIENTED_EDGE('',*,*,#986,.F.);
#1354=ORIENTED_EDGE('',*,*,#985,.T.);
#1355=ORIENTED_EDGE('',*,*,#846,.T.);
#1356=ORIENTED_EDGE('',*,*,#928,.F.);
#1357=ORIENTED_EDGE('',*,*,#986,.T.);
#1358=ORIENTED_EDGE('',*,*,#927,.T.);
#1359=ORIENTED_EDGE('',*,*,#918,.F.);
#1360=ORIENTED_EDGE('',*,*,#984,.F.);
#1361=ORIENTED_EDGE('',*,*,#860,.F.);
#1362=ORIENTED_EDGE('',*,*,#987,.T.);
#1363=ORIENTED_EDGE('',*,*,#988,.F.);
#1364=ORIENTED_EDGE('',*,*,#987,.F.);
#1365=ORIENTED_EDGE('',*,*,#988,.T.);
#1366=ORIENTED_EDGE('',*,*,#989,.T.);
#1367=ORIENTED_EDGE('',*,*,#853,.F.);
#1368=ORIENTED_EDGE('',*,*,#989,.F.);
#1369=ORIENTED_EDGE('',*,*,#924,.T.);
#1370=ORIENTED_EDGE('',*,*,#990,.F.);
#1371=ORIENTED_EDGE('',*,*,#838,.F.);
#1372=ORIENTED_EDGE('',*,*,#833,.F.);
#1373=ORIENTED_EDGE('',*,*,#913,.T.);
#1374=ORIENTED_EDGE('',*,*,#831,.F.);
#1375=ORIENTED_EDGE('',*,*,#940,.F.);
#1376=ORIENTED_EDGE('',*,*,#991,.T.);
#1377=ORIENTED_EDGE('',*,*,#914,.T.);
#1378=ORIENTED_EDGE('',*,*,#991,.F.);
#1379=ORIENTED_EDGE('',*,*,#942,.F.);
#1380=ORIENTED_EDGE('',*,*,#944,.T.);
#1381=ORIENTED_EDGE('',*,*,#922,.T.);
#1382=ORIENTED_EDGE('',*,*,#934,.T.);
#1383=ORIENTED_EDGE('',*,*,#937,.F.);
#1384=ORIENTED_EDGE('',*,*,#992,.T.);
#1385=ORIENTED_EDGE('',*,*,#923,.F.);
#1386=ORIENTED_EDGE('',*,*,#992,.F.);
#1387=ORIENTED_EDGE('',*,*,#938,.F.);
#1388=ORIENTED_EDGE('',*,*,#990,.T.);
#1389=ORIENTED_EDGE('',*,*,#830,.F.);
#1390=ORIENTED_EDGE('',*,*,#852,.T.);
#1391=ORIENTED_EDGE('',*,*,#941,.T.);
#1392=ORIENTED_EDGE('',*,*,#836,.T.);
#1393=ORIENTED_EDGE('',*,*,#993,.T.);
#1394=ORIENTED_EDGE('',*,*,#994,.T.);
#1395=ORIENTED_EDGE('',*,*,#995,.T.);
#1396=ORIENTED_EDGE('',*,*,#996,.T.);
#1397=ORIENTED_EDGE('',*,*,#997,.F.);
#1398=ORIENTED_EDGE('',*,*,#835,.T.);
#1399=ORIENTED_EDGE('',*,*,#998,.F.);
#1400=ORIENTED_EDGE('',*,*,#999,.F.);
#1401=ORIENTED_EDGE('',*,*,#1000,.F.);
#1402=ORIENTED_EDGE('',*,*,#1001,.F.);
#1403=ORIENTED_EDGE('',*,*,#1002,.F.);
#1404=ORIENTED_EDGE('',*,*,#1003,.T.);
#1405=ORIENTED_EDGE('',*,*,#1004,.T.);
#1406=ORIENTED_EDGE('',*,*,#1005,.T.);
#1407=ORIENTED_EDGE('',*,*,#1006,.F.);
#1408=ORIENTED_EDGE('',*,*,#1007,.F.);
#1409=ORIENTED_EDGE('',*,*,#993,.F.);
#1410=ORIENTED_EDGE('',*,*,#834,.T.);
#1411=ORIENTED_EDGE('',*,*,#1008,.F.);
#1412=ORIENTED_EDGE('',*,*,#1009,.F.);
#1413=ORIENTED_EDGE('',*,*,#998,.T.);
#1414=ORIENTED_EDGE('',*,*,#837,.T.);
#1415=ORIENTED_EDGE('',*,*,#997,.T.);
#1416=ORIENTED_EDGE('',*,*,#1010,.F.);
#1417=ORIENTED_EDGE('',*,*,#1011,.T.);
#1418=ORIENTED_EDGE('',*,*,#1012,.T.);
#1419=ORIENTED_EDGE('',*,*,#1013,.T.);
#1420=ORIENTED_EDGE('',*,*,#1014,.T.);
#1421=ORIENTED_EDGE('',*,*,#1015,.T.);
#1422=ORIENTED_EDGE('',*,*,#1016,.F.);
#1423=ORIENTED_EDGE('',*,*,#1017,.F.);
#1424=ORIENTED_EDGE('',*,*,#1018,.F.);
#1425=ORIENTED_EDGE('',*,*,#1008,.T.);
#1426=ORIENTED_EDGE('',*,*,#1019,.T.);
#1427=ORIENTED_EDGE('',*,*,#1017,.T.);
#1428=ORIENTED_EDGE('',*,*,#1020,.T.);
#1429=ORIENTED_EDGE('',*,*,#1000,.T.);
#1430=ORIENTED_EDGE('',*,*,#1020,.F.);
#1431=ORIENTED_EDGE('',*,*,#1016,.T.);
#1432=ORIENTED_EDGE('',*,*,#1021,.T.);
#1433=ORIENTED_EDGE('',*,*,#1022,.T.);
#1434=ORIENTED_EDGE('',*,*,#1023,.T.);
#1435=ORIENTED_EDGE('',*,*,#1001,.T.);
#1436=ORIENTED_EDGE('',*,*,#1024,.T.);
#1437=ORIENTED_EDGE('',*,*,#1025,.T.);
#1438=ORIENTED_EDGE('',*,*,#1026,.T.);
#1439=ORIENTED_EDGE('',*,*,#1002,.T.);
#1440=ORIENTED_EDGE('',*,*,#1023,.F.);
#1441=ORIENTED_EDGE('',*,*,#1027,.F.);
#1442=ORIENTED_EDGE('',*,*,#1028,.F.);
#1443=ORIENTED_EDGE('',*,*,#1029,.F.);
#1444=ORIENTED_EDGE('',*,*,#1014,.F.);
#1445=ORIENTED_EDGE('',*,*,#1030,.F.);
#1446=ORIENTED_EDGE('',*,*,#1003,.F.);
#1447=ORIENTED_EDGE('',*,*,#1026,.F.);
#1448=ORIENTED_EDGE('',*,*,#1031,.F.);
#1449=ORIENTED_EDGE('',*,*,#1032,.F.);
#1450=ORIENTED_EDGE('',*,*,#1004,.F.);
#1451=ORIENTED_EDGE('',*,*,#1030,.T.);
#1452=ORIENTED_EDGE('',*,*,#1013,.F.);
#1453=ORIENTED_EDGE('',*,*,#1033,.T.);
#1454=ORIENTED_EDGE('',*,*,#1033,.F.);
#1455=ORIENTED_EDGE('',*,*,#1012,.F.);
#1456=ORIENTED_EDGE('',*,*,#1034,.F.);
#1457=ORIENTED_EDGE('',*,*,#1035,.F.);
#1458=ORIENTED_EDGE('',*,*,#1036,.F.);
#1459=ORIENTED_EDGE('',*,*,#1005,.F.);
#1460=ORIENTED_EDGE('',*,*,#1037,.F.);
#1461=ORIENTED_EDGE('',*,*,#1038,.F.);
#1462=ORIENTED_EDGE('',*,*,#1036,.T.);
#1463=ORIENTED_EDGE('',*,*,#1039,.F.);
#1464=ORIENTED_EDGE('',*,*,#1040,.T.);
#1465=ORIENTED_EDGE('',*,*,#1041,.T.);
#1466=ORIENTED_EDGE('',*,*,#1006,.T.);
#1467=ORIENTED_EDGE('',*,*,#1029,.T.);
#1468=ORIENTED_EDGE('',*,*,#1042,.T.);
#1469=ORIENTED_EDGE('',*,*,#1021,.F.);
#1470=ORIENTED_EDGE('',*,*,#1015,.F.);
#1471=ORIENTED_EDGE('',*,*,#1028,.T.);
#1472=ORIENTED_EDGE('',*,*,#1027,.T.);
#1473=ORIENTED_EDGE('',*,*,#1022,.F.);
#1474=ORIENTED_EDGE('',*,*,#1042,.F.);
#1475=ORIENTED_EDGE('',*,*,#1024,.F.);
#1476=ORIENTED_EDGE('',*,*,#1043,.T.);
#1477=ORIENTED_EDGE('',*,*,#1044,.F.);
#1478=ORIENTED_EDGE('',*,*,#1043,.F.);
#1479=ORIENTED_EDGE('',*,*,#1025,.F.);
#1480=ORIENTED_EDGE('',*,*,#1045,.T.);
#1481=ORIENTED_EDGE('',*,*,#1046,.F.);
#1482=ORIENTED_EDGE('',*,*,#1047,.F.);
#1483=ORIENTED_EDGE('',*,*,#1045,.F.);
#1484=ORIENTED_EDGE('',*,*,#1046,.T.);
#1485=ORIENTED_EDGE('',*,*,#1047,.T.);
#1486=ORIENTED_EDGE('',*,*,#1048,.T.);
#1487=ORIENTED_EDGE('',*,*,#1031,.T.);
#1488=ORIENTED_EDGE('',*,*,#1048,.F.);
#1489=ORIENTED_EDGE('',*,*,#1044,.T.);
#1490=ORIENTED_EDGE('',*,*,#1049,.T.);
#1491=ORIENTED_EDGE('',*,*,#1032,.T.);
#1492=ORIENTED_EDGE('',*,*,#1049,.F.);
#1493=ORIENTED_EDGE('',*,*,#1050,.F.);
#1494=ORIENTED_EDGE('',*,*,#1051,.T.);
#1495=ORIENTED_EDGE('',*,*,#1037,.T.);
#1496=ORIENTED_EDGE('',*,*,#1051,.F.);
#1497=ORIENTED_EDGE('',*,*,#1052,.F.);
#1498=ORIENTED_EDGE('',*,*,#1053,.F.);
#1499=ORIENTED_EDGE('',*,*,#1054,.T.);
#1500=ORIENTED_EDGE('',*,*,#1038,.T.);
#1501=ORIENTED_EDGE('',*,*,#1054,.F.);
#1502=ORIENTED_EDGE('',*,*,#1055,.F.);
#1503=ORIENTED_EDGE('',*,*,#1034,.T.);
#1504=ORIENTED_EDGE('',*,*,#1011,.F.);
#1505=ORIENTED_EDGE('',*,*,#1056,.T.);
#1506=ORIENTED_EDGE('',*,*,#1057,.T.);
#1507=ORIENTED_EDGE('',*,*,#1058,.T.);
#1508=ORIENTED_EDGE('',*,*,#1035,.T.);
#1509=ORIENTED_EDGE('',*,*,#1058,.F.);
#1510=ORIENTED_EDGE('',*,*,#1059,.F.);
#1511=ORIENTED_EDGE('',*,*,#1039,.T.);
#1512=ORIENTED_EDGE('',*,*,#1050,.T.);
#1513=ORIENTED_EDGE('',*,*,#1060,.T.);
#1514=ORIENTED_EDGE('',*,*,#1061,.F.);
#1515=ORIENTED_EDGE('',*,*,#1060,.F.);
#1516=ORIENTED_EDGE('',*,*,#1052,.T.);
#1517=ORIENTED_EDGE('',*,*,#1053,.T.);
#1518=ORIENTED_EDGE('',*,*,#1062,.T.);
#1519=ORIENTED_EDGE('',*,*,#1063,.F.);
#1520=ORIENTED_EDGE('',*,*,#1062,.F.);
#1521=ORIENTED_EDGE('',*,*,#1055,.T.);
#1522=ORIENTED_EDGE('',*,*,#1009,.T.);
#1523=ORIENTED_EDGE('',*,*,#1018,.T.);
#1524=ORIENTED_EDGE('',*,*,#1019,.F.);
#1525=ORIENTED_EDGE('',*,*,#999,.T.);
#1526=ORIENTED_EDGE('',*,*,#1064,.T.);
#1527=ORIENTED_EDGE('',*,*,#995,.F.);
#1528=ORIENTED_EDGE('',*,*,#1065,.T.);
#1529=ORIENTED_EDGE('',*,*,#1040,.F.);
#1530=ORIENTED_EDGE('',*,*,#1059,.T.);
#1531=ORIENTED_EDGE('',*,*,#1057,.F.);
#1532=ORIENTED_EDGE('',*,*,#1063,.T.);
#1533=ORIENTED_EDGE('',*,*,#1061,.T.);
#1534=ORIENTED_EDGE('',*,*,#996,.F.);
#1535=ORIENTED_EDGE('',*,*,#1064,.F.);
#1536=ORIENTED_EDGE('',*,*,#1056,.F.);
#1537=ORIENTED_EDGE('',*,*,#1010,.T.);
#1538=ORIENTED_EDGE('',*,*,#994,.F.);
#1539=ORIENTED_EDGE('',*,*,#1007,.T.);
#1540=ORIENTED_EDGE('',*,*,#1041,.F.);
#1541=ORIENTED_EDGE('',*,*,#1065,.F.);
#1542=PLANE('',#1697);
#1543=PLANE('',#1698);
#1544=PLANE('',#1699);
#1545=PLANE('',#1712);
#1546=PLANE('',#1714);
#1547=PLANE('',#1719);
#1548=PLANE('',#1728);
#1549=PLANE('',#1731);
#1550=PLANE('',#1734);
#1551=PLANE('',#1737);
#1552=PLANE('',#1744);
#1553=PLANE('',#1747);
#1554=PLANE('',#1748);
#1555=PLANE('',#1758);
#1556=PLANE('',#1759);
#1557=PLANE('',#1765);
#1558=PLANE('',#1766);
#1559=PLANE('',#1772);
#1560=PLANE('',#1773);
#1561=PLANE('',#1782);
#1562=PLANE('',#1784);
#1563=PLANE('',#1786);
#1564=PLANE('',#1788);
#1565=PLANE('',#1790);
#1566=PLANE('',#1794);
#1567=PLANE('',#1796);
#1568=PLANE('',#1798);
#1569=PLANE('',#1803);
#1570=PLANE('',#1804);
#1571=PLANE('',#1808);
#1572=PLANE('',#1809);
#1573=PLANE('',#1812);
#1574=PLANE('',#1813);
#1575=PLANE('',#1814);
#1576=PLANE('',#1815);
#1577=PLANE('',#1817);
#1578=PLANE('',#1818);
#1579=PLANE('',#1821);
#1580=PLANE('',#1825);
#1581=PLANE('',#1826);
#1582=PLANE('',#1830);
#1583=PLANE('',#1831);
#1584=PLANE('',#1835);
#1585=PLANE('',#1836);
#1586=PLANE('',#1851);
#1587=PLANE('',#1858);
#1588=PLANE('',#1859);
#1589=PLANE('',#1860);
#1590=PLANE('',#1861);
#1591=ADVANCED_FACE('',(#160,#143),#1542,.T.);
#1592=ADVANCED_FACE('',(#161),#1543,.T.);
#1593=ADVANCED_FACE('',(#162,#144,#145),#1544,.F.);
#1594=ADVANCED_FACE('',(#163),#56,.F.);
#1595=ADVANCED_FACE('',(#164),#27,.F.);
#1596=ADVANCED_FACE('',(#165,#146),#1545,.T.);
#1597=ADVANCED_FACE('',(#166,#147),#1546,.T.);
#1598=ADVANCED_FACE('',(#167),#28,.F.);
#1599=ADVANCED_FACE('',(#168,#148,#149),#1547,.T.);
#1600=ADVANCED_FACE('',(#169),#29,.F.);
#1601=ADVANCED_FACE('',(#170),#30,.F.);
#1602=ADVANCED_FACE('',(#171),#1548,.F.);
#1603=ADVANCED_FACE('',(#172),#31,.F.);
#1604=ADVANCED_FACE('',(#173),#1549,.T.);
#1605=ADVANCED_FACE('',(#174),#1550,.T.);
#1606=ADVANCED_FACE('',(#175),#1551,.T.);
#1607=ADVANCED_FACE('',(#176),#32,.F.);
#1608=ADVANCED_FACE('',(#177),#1552,.T.);
#1609=ADVANCED_FACE('',(#178),#33,.F.);
#1610=ADVANCED_FACE('',(#179),#1553,.T.);
#1611=ADVANCED_FACE('',(#180,#150),#1554,.T.);
#1612=ADVANCED_FACE('',(#181),#34,.T.);
#1613=ADVANCED_FACE('',(#182),#57,.T.);
#1614=ADVANCED_FACE('',(#183),#1555,.T.);
#1615=ADVANCED_FACE('',(#184),#1556,.T.);
#1616=ADVANCED_FACE('',(#185),#35,.T.);
#1617=ADVANCED_FACE('',(#186),#58,.T.);
#1618=ADVANCED_FACE('',(#187),#59,.T.);
#1619=ADVANCED_FACE('',(#188),#1557,.T.);
#1620=ADVANCED_FACE('',(#189),#1558,.T.);
#1621=ADVANCED_FACE('',(#190),#60,.T.);
#1622=ADVANCED_FACE('',(#191),#36,.T.);
#1623=ADVANCED_FACE('',(#192),#61,.T.);
#1624=ADVANCED_FACE('',(#193),#1559,.T.);
#1625=ADVANCED_FACE('',(#194,#151),#1560,.T.);
#1626=ADVANCED_FACE('',(#195),#1561,.T.);
#1627=ADVANCED_FACE('',(#196),#37,.F.);
#1628=ADVANCED_FACE('',(#197),#1562,.F.);
#1629=ADVANCED_FACE('',(#198),#38,.F.);
#1630=ADVANCED_FACE('',(#199),#1563,.T.);
#1631=ADVANCED_FACE('',(#200),#39,.F.);
#1632=ADVANCED_FACE('',(#201),#1564,.T.);
#1633=ADVANCED_FACE('',(#202),#40,.F.);
#1634=ADVANCED_FACE('',(#203),#1565,.T.);
#1635=ADVANCED_FACE('',(#204),#41,.F.);
#1636=ADVANCED_FACE('',(#205),#42,.F.);
#1637=ADVANCED_FACE('',(#206),#1566,.T.);
#1638=ADVANCED_FACE('',(#207),#1567,.F.);
#1639=ADVANCED_FACE('',(#208),#43,.F.);
#1640=ADVANCED_FACE('',(#209),#1568,.T.);
#1641=ADVANCED_FACE('',(#210),#44,.F.);
#1642=ADVANCED_FACE('',(#211),#45,.T.);
#1643=ADVANCED_FACE('',(#212),#62,.T.);
#1644=ADVANCED_FACE('',(#213),#1569,.T.);
#1645=ADVANCED_FACE('',(#214),#1570,.T.);
#1646=ADVANCED_FACE('',(#215),#46,.F.);
#1647=ADVANCED_FACE('',(#216),#63,.F.);
#1648=ADVANCED_FACE('',(#217),#1571,.F.);
#1649=ADVANCED_FACE('',(#218),#1572,.T.);
#1650=ADVANCED_FACE('',(#219),#47,.T.);
#1651=ADVANCED_FACE('',(#220),#48,.T.);
#1652=ADVANCED_FACE('',(#221),#1573,.T.);
#1653=ADVANCED_FACE('',(#222),#1574,.T.);
#1654=ADVANCED_FACE('',(#223),#1575,.T.);
#1655=ADVANCED_FACE('',(#224),#1576,.F.);
#1656=ADVANCED_FACE('',(#225),#1577,.T.);
#1657=ADVANCED_FACE('',(#226),#1578,.T.);
#1658=ADVANCED_FACE('',(#227),#49,.T.);
#1659=ADVANCED_FACE('',(#228,#152,#153),#1579,.T.);
#1660=ADVANCED_FACE('',(#229),#1580,.F.);
#1661=ADVANCED_FACE('',(#230,#154,#155),#1581,.F.);
#1662=ADVANCED_FACE('',(#231),#1582,.F.);
#1663=ADVANCED_FACE('',(#232,#156,#157),#1583,.T.);
#1664=ADVANCED_FACE('',(#233),#1584,.F.);
#1665=ADVANCED_FACE('',(#234),#1585,.F.);
#1666=ADVANCED_FACE('',(#235),#50,.F.);
#1667=ADVANCED_FACE('',(#236),#64,.F.);
#1668=ADVANCED_FACE('',(#237),#65,.F.);
#1669=ADVANCED_FACE('',(#238),#51,.F.);
#1670=ADVANCED_FACE('',(#239),#52,.F.);
#1671=ADVANCED_FACE('',(#240),#53,.F.);
#1672=ADVANCED_FACE('',(#241),#54,.F.);
#1673=ADVANCED_FACE('',(#242),#1586,.F.);
#1674=ADVANCED_FACE('',(#243),#55,.F.);
#1675=ADVANCED_FACE('',(#244),#66,.F.);
#1676=ADVANCED_FACE('',(#245),#67,.F.);
#1677=ADVANCED_FACE('',(#246),#1587,.T.);
#1678=ADVANCED_FACE('',(#247,#158,#159),#1588,.T.);
#1679=ADVANCED_FACE('',(#248),#1589,.T.);
#1680=ADVANCED_FACE('',(#249),#1590,.T.);
#1681=CLOSED_SHELL('',(#1591,#1592,#1593,#1594,#1595,#1596,#1597,#1598,
#1599,#1600,#1601,#1602,#1603,#1604,#1605,#1606,#1607,#1608,#1609,#1610,
#1611,#1612,#1613,#1614,#1615,#1616,#1617,#1618,#1619,#1620,#1621,#1622,
#1623,#1624,#1625,#1626,#1627,#1628,#1629,#1630,#1631,#1632,#1633,#1634,
#1635,#1636,#1637,#1638,#1639,#1640,#1641,#1642,#1643,#1644,#1645,#1646,
#1647,#1648,#1649,#1650,#1651,#1652,#1653,#1654,#1655,#1656,#1657,#1658,
#1659,#1660,#1661,#1662,#1663,#1664,#1665,#1666,#1667,#1668,#1669,#1670,
#1671,#1672,#1673,#1674,#1675,#1676,#1677,#1678,#1679,#1680));
#1682=DERIVED_UNIT_ELEMENT(#1684,1.);
#1683=DERIVED_UNIT_ELEMENT(#2910,-3.);
#1684=(
MASS_UNIT()
NAMED_UNIT(*)
SI_UNIT(.KILO.,.GRAM.)
);
#1685=DERIVED_UNIT((#1682,#1683));
#1686=MEASURE_REPRESENTATION_ITEM('density measure',
POSITIVE_RATIO_MEASURE(7850.),#1685);
#1687=PROPERTY_DEFINITION_REPRESENTATION(#1692,#1689);
#1688=PROPERTY_DEFINITION_REPRESENTATION(#1693,#1690);
#1689=REPRESENTATION('material name',(#1691),#2907);
#1690=REPRESENTATION('density',(#1686),#2907);
#1691=DESCRIPTIVE_REPRESENTATION_ITEM('\X2\94A2\X0\','\X2\94A2\X0\');
#1692=PROPERTY_DEFINITION('material property','material name',#2927);
#1693=PROPERTY_DEFINITION('material property','density of part',#2927);
#1694=AXIS2_PLACEMENT_3D('',#2363,#1864,#1865);
#1695=AXIS2_PLACEMENT_3D('',#2364,#1866,#1867);
#1696=AXIS2_PLACEMENT_3D('',#2365,#1868,#1869);
#1697=AXIS2_PLACEMENT_3D('',#2366,#1870,#1871);
#1698=AXIS2_PLACEMENT_3D('',#2387,#1882,#1883);
#1699=AXIS2_PLACEMENT_3D('',#2393,#1887,#1888);
#1700=AXIS2_PLACEMENT_3D('',#2397,#1890,#1891);
#1701=AXIS2_PLACEMENT_3D('',#2399,#1892,#1893);
#1702=AXIS2_PLACEMENT_3D('',#2403,#1895,#1896);
#1703=AXIS2_PLACEMENT_3D('',#2407,#1898,#1899);
#1704=AXIS2_PLACEMENT_3D('',#2411,#1901,#1902);
#1705=AXIS2_PLACEMENT_3D('',#2413,#1903,#1904);
#1706=AXIS2_PLACEMENT_3D('',#2418,#1907,#1908);
#1707=AXIS2_PLACEMENT_3D('',#2420,#1909,#1910);
#1708=AXIS2_PLACEMENT_3D('',#2421,#1911,#1912);
#1709=AXIS2_PLACEMENT_3D('',#2423,#1913,#1914);
#1710=AXIS2_PLACEMENT_3D('',#2425,#1916,#1917);
#1711=AXIS2_PLACEMENT_3D('',#2427,#1918,#1919);
#1712=AXIS2_PLACEMENT_3D('',#2429,#1921,#1922);
#1713=AXIS2_PLACEMENT_3D('',#2431,#1923,#1924);
#1714=AXIS2_PLACEMENT_3D('',#2432,#1925,#1926);
#1715=AXIS2_PLACEMENT_3D('',#2434,#1927,#1928);
#1716=AXIS2_PLACEMENT_3D('',#2436,#1929,#1930);
#1717=AXIS2_PLACEMENT_3D('',#2437,#1931,#1932);
#1718=AXIS2_PLACEMENT_3D('',#2439,#1933,#1934);
#1719=AXIS2_PLACEMENT_3D('',#2441,#1936,#1937);
#1720=AXIS2_PLACEMENT_3D('',#2444,#1938,#1939);
#1721=AXIS2_PLACEMENT_3D('',#2448,#1941,#1942);
#1722=AXIS2_PLACEMENT_3D('',#2460,#1948,#1949);
#1723=AXIS2_PLACEMENT_3D('',#2464,#1951,#1952);
#1724=AXIS2_PLACEMENT_3D('',#2467,#1954,#1955);
#1725=AXIS2_PLACEMENT_3D('',#2468,#1956,#1957);
#1726=AXIS2_PLACEMENT_3D('',#2470,#1959,#1960);
#1727=AXIS2_PLACEMENT_3D('',#2474,#1962,#1963);
#1728=AXIS2_PLACEMENT_3D('',#2476,#1965,#1966);
#1729=AXIS2_PLACEMENT_3D('',#2480,#1969,#1970);
#1730=AXIS2_PLACEMENT_3D('',#2484,#1972,#1973);
#1731=AXIS2_PLACEMENT_3D('',#2488,#1976,#1977);
#1732=AXIS2_PLACEMENT_3D('',#2492,#1979,#1980);
#1733=AXIS2_PLACEMENT_3D('',#2495,#1982,#1983);
#1734=AXIS2_PLACEMENT_3D('',#2496,#1984,#1985);
#1735=AXIS2_PLACEMENT_3D('',#2498,#1986,#1987);
#1736=AXIS2_PLACEMENT_3D('',#2501,#1989,#1990);
#1737=AXIS2_PLACEMENT_3D('',#2502,#1991,#1992);
#1738=AXIS2_PLACEMENT_3D('',#2508,#1995,#1996);
#1739=AXIS2_PLACEMENT_3D('',#2512,#1998,#1999);
#1740=AXIS2_PLACEMENT_3D('',#2516,#2001,#2002);
#1741=AXIS2_PLACEMENT_3D('',#2519,#2004,#2005);
#1742=AXIS2_PLACEMENT_3D('',#2520,#2006,#2007);
#1743=AXIS2_PLACEMENT_3D('',#2538,#2010,#2011);
#1744=AXIS2_PLACEMENT_3D('',#2539,#2012,#2013);
#1745=AXIS2_PLACEMENT_3D('',#2543,#2016,#2017);
#1746=AXIS2_PLACEMENT_3D('',#2545,#2018,#2019);
#1747=AXIS2_PLACEMENT_3D('',#2547,#2021,#2022);
#1748=AXIS2_PLACEMENT_3D('',#2549,#2024,#2025);
#1749=AXIS2_PLACEMENT_3D('',#2553,#2027,#2028);
#1750=AXIS2_PLACEMENT_3D('',#2555,#2029,#2030);
#1751=AXIS2_PLACEMENT_3D('',#2559,#2032,#2033);
#1752=AXIS2_PLACEMENT_3D('',#2563,#2035,#2036);
#1753=AXIS2_PLACEMENT_3D('',#2567,#2038,#2039);
#1754=AXIS2_PLACEMENT_3D('',#2569,#2040,#2041);
#1755=AXIS2_PLACEMENT_3D('',#2573,#2044,#2045);
#1756=AXIS2_PLACEMENT_3D('',#2576,#2046,#2047);
#1757=AXIS2_PLACEMENT_3D('',#2579,#2050,#2051);
#1758=AXIS2_PLACEMENT_3D('',#2582,#2054,#2055);
#1759=AXIS2_PLACEMENT_3D('',#2586,#2058,#2059);
#1760=AXIS2_PLACEMENT_3D('',#2588,#2061,#2062);
#1761=AXIS2_PLACEMENT_3D('',#2590,#2063,#2064);
#1762=AXIS2_PLACEMENT_3D('',#2592,#2066,#2067);
#1763=AXIS2_PLACEMENT_3D('',#2615,#2068,#2069);
#1764=AXIS2_PLACEMENT_3D('',#2618,#2071,#2072);
#1765=AXIS2_PLACEMENT_3D('',#2619,#2073,#2074);
#1766=AXIS2_PLACEMENT_3D('',#2621,#2076,#2077);
#1767=AXIS2_PLACEMENT_3D('',#2626,#2081,#2082);
#1768=AXIS2_PLACEMENT_3D('',#2628,#2083,#2084);
#1769=AXIS2_PLACEMENT_3D('',#2651,#2085,#2086);
#1770=AXIS2_PLACEMENT_3D('',#2654,#2088,#2089);
#1771=AXIS2_PLACEMENT_3D('',#2656,#2091,#2092);
#1772=AXIS2_PLACEMENT_3D('',#2658,#2094,#2095);
#1773=AXIS2_PLACEMENT_3D('',#2662,#2098,#2099);
#1774=AXIS2_PLACEMENT_3D('',#2668,#2102,#2103);
#1775=AXIS2_PLACEMENT_3D('',#2672,#2105,#2106);
#1776=AXIS2_PLACEMENT_3D('',#2676,#2108,#2109);
#1777=AXIS2_PLACEMENT_3D('',#2680,#2111,#2112);
#1778=AXIS2_PLACEMENT_3D('',#2683,#2114,#2115);
#1779=AXIS2_PLACEMENT_3D('',#2685,#2116,#2117);
#1780=AXIS2_PLACEMENT_3D('',#2689,#2119,#2120);
#1781=AXIS2_PLACEMENT_3D('',#2692,#2122,#2123);
#1782=AXIS2_PLACEMENT_3D('',#2693,#2124,#2125);
#1783=AXIS2_PLACEMENT_3D('',#2696,#2128,#2129);
#1784=AXIS2_PLACEMENT_3D('',#2698,#2131,#2132);
#1785=AXIS2_PLACEMENT_3D('',#2700,#2134,#2135);
#1786=AXIS2_PLACEMENT_3D('',#2702,#2137,#2138);
#1787=AXIS2_PLACEMENT_3D('',#2704,#2140,#2141);
#1788=AXIS2_PLACEMENT_3D('',#2706,#2143,#2144);
#1789=AXIS2_PLACEMENT_3D('',#2708,#2146,#2147);
#1790=AXIS2_PLACEMENT_3D('',#2710,#2149,#2150);
#1791=AXIS2_PLACEMENT_3D('',#2712,#2152,#2153);
#1792=AXIS2_PLACEMENT_3D('',#2713,#2154,#2155);
#1793=AXIS2_PLACEMENT_3D('',#2715,#2156,#2157);
#1794=AXIS2_PLACEMENT_3D('',#2717,#2159,#2160);
#1795=AXIS2_PLACEMENT_3D('',#2720,#2162,#2163);
#1796=AXIS2_PLACEMENT_3D('',#2721,#2164,#2165);
#1797=AXIS2_PLACEMENT_3D('',#2723,#2167,#2168);
#1798=AXIS2_PLACEMENT_3D('',#2725,#2170,#2171);
#1799=AXIS2_PLACEMENT_3D('',#2727,#2173,#2174);
#1800=AXIS2_PLACEMENT_3D('',#2728,#2175,#2176);
#1801=AXIS2_PLACEMENT_3D('',#2730,#2177,#2178);
#1802=AXIS2_PLACEMENT_3D('',#2732,#2180,#2181);
#1803=AXIS2_PLACEMENT_3D('',#2734,#2183,#2184);
#1804=AXIS2_PLACEMENT_3D('',#2736,#2186,#2187);
#1805=AXIS2_PLACEMENT_3D('',#2737,#2188,#2189);
#1806=AXIS2_PLACEMENT_3D('',#2740,#2191,#2192);
#1807=AXIS2_PLACEMENT_3D('',#2741,#2193,#2194);
#1808=AXIS2_PLACEMENT_3D('',#2743,#2196,#2197);
#1809=AXIS2_PLACEMENT_3D('',#2745,#2199,#2200);
#1810=AXIS2_PLACEMENT_3D('',#2747,#2202,#2203);
#1811=AXIS2_PLACEMENT_3D('',#2748,#2204,#2205);
#1812=AXIS2_PLACEMENT_3D('',#2750,#2207,#2208);
#1813=AXIS2_PLACEMENT_3D('',#2751,#2209,#2210);
#1814=AXIS2_PLACEMENT_3D('',#2752,#2211,#2212);
#1815=AXIS2_PLACEMENT_3D('',#2762,#2218,#2219);
#1816=AXIS2_PLACEMENT_3D('',#2768,#2222,#2223);
#1817=AXIS2_PLACEMENT_3D('',#2782,#2231,#2232);
#1818=AXIS2_PLACEMENT_3D('',#2786,#2235,#2236);
#1819=AXIS2_PLACEMENT_3D('',#2802,#2244,#2245);
#1820=AXIS2_PLACEMENT_3D('',#2804,#2247,#2248);
#1821=AXIS2_PLACEMENT_3D('',#2807,#2251,#2252);
#1822=AXIS2_PLACEMENT_3D('',#2811,#2254,#2255);
#1823=AXIS2_PLACEMENT_3D('',#2814,#2257,#2258);
#1824=AXIS2_PLACEMENT_3D('',#2816,#2259,#2260);
#1825=AXIS2_PLACEMENT_3D('',#2817,#2261,#2262);
#1826=AXIS2_PLACEMENT_3D('',#2821,#2265,#2266);
#1827=AXIS2_PLACEMENT_3D('',#2823,#2267,#2268);
#1828=AXIS2_PLACEMENT_3D('',#2827,#2271,#2272);
#1829=AXIS2_PLACEMENT_3D('',#2829,#2273,#2274);
#1830=AXIS2_PLACEMENT_3D('',#2830,#2275,#2276);
#1831=AXIS2_PLACEMENT_3D('',#2832,#2278,#2279);
#1832=AXIS2_PLACEMENT_3D('',#2836,#2281,#2282);
#1833=AXIS2_PLACEMENT_3D('',#2839,#2284,#2285);
#1834=AXIS2_PLACEMENT_3D('',#2841,#2286,#2287);
#1835=AXIS2_PLACEMENT_3D('',#2842,#2288,#2289);
#1836=AXIS2_PLACEMENT_3D('',#2848,#2293,#2294);
#1837=AXIS2_PLACEMENT_3D('',#2850,#2296,#2297);
#1838=AXIS2_PLACEMENT_3D('',#2851,#2298,#2299);
#1839=AXIS2_PLACEMENT_3D('',#2854,#2301,#2302);
#1840=AXIS2_PLACEMENT_3D('',#2855,#2303,#2304);
#1841=AXIS2_PLACEMENT_3D('',#2859,#2306,#2307);
#1842=AXIS2_PLACEMENT_3D('',#2860,#2308,#2309);
#1843=AXIS2_PLACEMENT_3D('',#2861,#2310,#2311);
#1844=AXIS2_PLACEMENT_3D('',#2863,#2313,#2314);
#1845=AXIS2_PLACEMENT_3D('',#2865,#2316,#2317);
#1846=AXIS2_PLACEMENT_3D('',#2868,#2318,#2319);
#1847=AXIS2_PLACEMENT_3D('',#2870,#2321,#2322);
#1848=AXIS2_PLACEMENT_3D('',#2871,#2323,#2324);
#1849=AXIS2_PLACEMENT_3D('',#2874,#2325,#2326);
#1850=AXIS2_PLACEMENT_3D('',#2876,#2328,#2329);
#1851=AXIS2_PLACEMENT_3D('',#2877,#2330,#2331);
#1852=AXIS2_PLACEMENT_3D('',#2883,#2335,#2336);
#1853=AXIS2_PLACEMENT_3D('',#2884,#2337,#2338);
#1854=AXIS2_PLACEMENT_3D('',#2885,#2339,#2340);
#1855=AXIS2_PLACEMENT_3D('',#2888,#2342,#2343);
#1856=AXIS2_PLACEMENT_3D('',#2889,#2344,#2345);
#1857=AXIS2_PLACEMENT_3D('',#2892,#2347,#2348);
#1858=AXIS2_PLACEMENT_3D('',#2893,#2349,#2350);
#1859=AXIS2_PLACEMENT_3D('',#2894,#2351,#2352);
#1860=AXIS2_PLACEMENT_3D('',#2897,#2355,#2356);
#1861=AXIS2_PLACEMENT_3D('',#2898,#2357,#2358);
#1862=AXIS2_PLACEMENT_3D('',#2899,#2359,#2360);
#1863=AXIS2_PLACEMENT_3D('',#2900,#2361,#2362);
#1864=DIRECTION('axis',(0.,0.,1.));
#1865=DIRECTION('refdir',(1.,0.,0.));
#1866=DIRECTION('axis',(0.,0.,1.));
#1867=DIRECTION('refdir',(1.,0.,0.));
#1868=DIRECTION('axis',(0.,0.,1.));
#1869=DIRECTION('refdir',(1.,0.,0.));
#1870=DIRECTION('center_axis',(3.75579329584264E-19,-0.86602697152704,-0.49999728458033));
#1871=DIRECTION('ref_axis',(-2.16839256871539E-19,0.49999728458033,-0.86602697152704));
#1872=DIRECTION('',(0.707108745908733,0.353550488143124,-0.612371842750087));
#1873=DIRECTION('',(1.,4.33680868994202E-19,-2.40741243048405E-35));
#1874=DIRECTION('',(0.707106781186554,-0.353551470501608,0.612373544257213));
#1875=DIRECTION('',(2.1683925687158E-19,-0.499997284580425,0.866026971526985));
#1876=DIRECTION('',(-1.,-4.33680868994202E-19,2.40741243048405E-35));
#1877=DIRECTION('',(5.55686615224881E-6,0.49999728457261,-0.866026971513669));
#1878=DIRECTION('',(-1.,-4.33680868994202E-19,0.));
#1879=DIRECTION('',(2.16839256871539E-19,-0.49999728458033,0.86602697152704));
#1880=DIRECTION('',(1.,4.33680868994202E-19,0.));
#1881=DIRECTION('',(-2.16839256871539E-19,0.49999728458033,-0.86602697152704));
#1882=DIRECTION('center_axis',(-0.707104816382872,0.353565152656311,-0.612367913492587));
#1883=DIRECTION('ref_axis',(-0.70710874568064,-0.353537788273741,0.612379175057793));
#1884=DIRECTION('',(2.07387669117877E-5,0.866026971340766,0.49999728447287));
#1885=DIRECTION('',(-0.695835097632775,-0.501951640623107,0.513671166582433));
#1886=DIRECTION('',(2.06810217703392E-5,0.866026933187409,0.499997350559288));
#1887=DIRECTION('center_axis',(2.1683925687158E-19,-0.499997284580425,0.866026971526985));
#1888=DIRECTION('ref_axis',(1.,4.33680868994202E-19,-2.40741243048405E-35));
#1889=DIRECTION('',(-0.479921923990483,0.759774723289466,0.438653982911005));
#1890=DIRECTION('center_axis',(-2.1683925687158E-19,0.499997284580425,-0.866026971526985));
#1891=DIRECTION('ref_axis',(-0.877311626170097,-0.415624660439594,-0.239959272005171));
#1892=DIRECTION('center_axis',(2.1683925687158E-19,-0.499997284580425,0.866026971526985));
#1893=DIRECTION('ref_axis',(-1.,-4.33680868994202E-19,2.40741243048405E-35));
#1894=DIRECTION('',(7.39517303833361E-14,-0.866026971526985,-0.499997284580425));
#1895=DIRECTION('center_axis',(2.1683925687158E-19,-0.499997284580425,0.866026971526985));
#1896=DIRECTION('ref_axis',(-3.7557932958424E-19,0.866026971526985,0.499997284580425));
#1897=DIRECTION('',(-1.,-1.61424210103997E-13,-6.01959488352856E-13));
#1898=DIRECTION('center_axis',(2.1683925687158E-19,-0.499997284580425,0.866026971526985));
#1899=DIRECTION('ref_axis',(1.,4.33680868994202E-19,-2.40741243048405E-35));
#1900=DIRECTION('',(7.07309214400338E-12,0.866026971523468,0.499997284586517));
#1901=DIRECTION('center_axis',(2.1683925687158E-19,-0.499997284580425,0.866026971526985));
#1902=DIRECTION('ref_axis',(0.83915064459482,-0.47103126228217,-0.271948056858223));
#1903=DIRECTION('center_axis',(-2.1683925687158E-19,0.499997284580425,-0.866026971526985));
#1904=DIRECTION('ref_axis',(0.899508040525821,-0.378370826180192,-0.218450916512423));
#1905=DIRECTION('',(-0.48026937717226,-0.759610481162384,-0.438558140112369));
#1906=DIRECTION('',(6.01988523897925E-8,0.866026931747572,0.499997353480878));
#1907=DIRECTION('center_axis',(2.1683925687158E-19,-0.499997284580425,0.866026971526985));
#1908=DIRECTION('ref_axis',(1.,4.33680868994202E-19,-2.40741243048405E-35));
#1909=DIRECTION('center_axis',(2.1683925687158E-19,-0.499997284580425,0.866026971526985));
#1910=DIRECTION('ref_axis',(1.,1.21928882106289E-14,7.03926593244711E-15));
#1911=DIRECTION('center_axis',(-2.1683925687158E-19,0.499997284580425,-0.866026971526985));
#1912=DIRECTION('ref_axis',(-1.,-4.33680868994202E-19,2.40741243048405E-35));
#1913=DIRECTION('center_axis',(2.1683925687158E-19,-0.499997284580425,0.866026971526985));
#1914=DIRECTION('ref_axis',(1.,4.33680868994202E-19,-2.40741243048405E-35));
#1915=DIRECTION('',(0.707106781186547,0.353551470501678,-0.61237354425718));
#1916=DIRECTION('center_axis',(-2.1683925687158E-19,0.499997284580425,-0.866026971526985));
#1917=DIRECTION('ref_axis',(-1.,-4.33680868994202E-19,2.40741243048405E-35));
#1918=DIRECTION('center_axis',(-2.1683925687158E-19,0.499997284580425,-0.866026971526985));
#1919=DIRECTION('ref_axis',(1.,4.33680868994202E-19,-2.40741243048405E-35));
#1920=DIRECTION('',(-2.1683925687158E-19,0.499997284580425,-0.866026971526985));
#1921=DIRECTION('center_axis',(-2.1683925687158E-19,0.499997284580425,-0.866026971526985));
#1922=DIRECTION('ref_axis',(-1.,-4.33680868994202E-19,2.40741243048405E-35));
#1923=DIRECTION('center_axis',(-2.1683925687158E-19,0.499997284580425,-0.866026971526985));
#1924=DIRECTION('ref_axis',(-1.,-4.33680868994202E-19,2.40741243048405E-35));
#1925=DIRECTION('center_axis',(-2.1683925687158E-19,0.499997284580425,-0.866026971526985));
#1926=DIRECTION('ref_axis',(-1.,-4.33680868994202E-19,2.40741243048405E-35));
#1927=DIRECTION('center_axis',(-2.1683925687158E-19,0.499997284580425,-0.866026971526985));
#1928=DIRECTION('ref_axis',(-1.,-4.33680868994202E-19,2.40741243048405E-35));
#1929=DIRECTION('center_axis',(-2.1683925687158E-19,0.499997284580425,-0.866026971526985));
#1930=DIRECTION('ref_axis',(-1.,-4.33680868994202E-19,2.40741243048405E-35));
#1931=DIRECTION('center_axis',(-2.1683925687158E-19,0.499997284580425,-0.866026971526985));
#1932=DIRECTION('ref_axis',(-1.,-4.33680868994202E-19,2.40741243048405E-35));
#1933=DIRECTION('center_axis',(-2.1683925687158E-19,0.499997284580425,-0.866026971526985));
#1934=DIRECTION('ref_axis',(-1.,-4.33680868994202E-19,2.40741243048405E-35));
#1935=DIRECTION('',(-2.1683925687158E-19,0.499997284580425,-0.866026971526985));
#1936=DIRECTION('center_axis',(2.1683925687158E-19,-0.499997284580425,0.866026971526985));
#1937=DIRECTION('ref_axis',(1.,4.33680868994202E-19,-2.40741243048405E-35));
#1938=DIRECTION('center_axis',(2.1683925687158E-19,-0.499997284580425,0.866026971526985));
#1939=DIRECTION('ref_axis',(-1.,-4.33680868994202E-19,2.40741243048405E-35));
#1940=DIRECTION('',(1.,4.33680868994202E-19,-2.40741243048405E-35));
#1941=DIRECTION('center_axis',(2.1683925687158E-19,-0.499997284580425,0.866026971526985));
#1942=DIRECTION('ref_axis',(0.254233541999385,-0.837571799605383,-0.483568802372782));
#1943=DIRECTION('',(-3.7557932958424E-19,0.866026971526985,0.499997284580425));
#1944=DIRECTION('',(-1.,-4.33680868994202E-19,2.40741243048405E-35));
#1945=DIRECTION('',(-3.7557932958424E-19,0.866026971526985,0.499997284580425));
#1946=DIRECTION('',(1.,4.33680868994202E-19,-2.40741243048405E-35));
#1947=DIRECTION('',(3.7557932958424E-19,-0.866026971526985,-0.499997284580425));
#1948=DIRECTION('center_axis',(2.1683925687158E-19,-0.499997284580425,0.866026971526985));
#1949=DIRECTION('ref_axis',(1.,4.33680868994202E-19,-2.40741243048405E-35));
#1950=DIRECTION('',(-1.,-4.33680868994202E-19,2.40741243048405E-35));
#1951=DIRECTION('center_axis',(2.1683925687158E-19,-0.499997284580425,0.866026971526985));
#1952=DIRECTION('ref_axis',(-3.7557932958424E-19,0.866026971526985,0.499997284580425));
#1953=DIRECTION('',(3.7557932958424E-19,-0.866026971526985,-0.499997284580425));
#1954=DIRECTION('center_axis',(-2.1683925687158E-19,0.499997284580425,-0.866026971526985));
#1955=DIRECTION('ref_axis',(-1.,-4.33680868994202E-19,2.40741243048405E-35));
#1956=DIRECTION('center_axis',(-2.1683925687158E-19,0.499997284580425,-0.866026971526985));
#1957=DIRECTION('ref_axis',(-1.,-4.33680868994202E-19,2.40741243048405E-35));
#1958=DIRECTION('',(-2.1683925687158E-19,0.499997284580425,-0.866026971526985));
#1959=DIRECTION('center_axis',(2.1683925687158E-19,-0.499997284580425,0.866026971526985));
#1960=DIRECTION('ref_axis',(1.,4.33680868994202E-19,-2.40741243048405E-35));
#1961=DIRECTION('',(2.1683925687158E-19,-0.499997284580425,0.866026971526985));
#1962=DIRECTION('center_axis',(-2.1683925687158E-19,0.499997284580425,-0.866026971526985));
#1963=DIRECTION('ref_axis',(-0.254233541999385,-0.837571799605383,-0.483568802372782));
#1964=DIRECTION('',(2.1683925687158E-19,-0.499997284580425,0.866026971526985));
#1965=DIRECTION('center_axis',(3.7557932958424E-19,-0.866026971526985,-0.499997284580425));
#1966=DIRECTION('ref_axis',(2.1683925687158E-19,-0.499997284580425,0.866026971526985));
#1967=DIRECTION('',(1.,4.33680868994202E-19,-2.40741243048405E-35));
#1968=DIRECTION('',(2.1683925687158E-19,-0.499997284580425,0.866026971526985));
#1969=DIRECTION('center_axis',(2.1683925687158E-19,-0.499997284580425,0.866026971526985));
#1970=DIRECTION('ref_axis',(1.,4.33680868994202E-19,-2.40741243048405E-35));
#1971=DIRECTION('',(-4.68726261975306E-5,-0.500129707488258,0.865950502910337));
#1972=DIRECTION('center_axis',(-2.1683925687158E-19,0.499997284580425,-0.866026971526985));
#1973=DIRECTION('ref_axis',(0.999999707884869,0.000661947293276239,0.000382172680592049));
#1974=DIRECTION('',(3.53132325838115E-5,-0.499735400046758,0.866178116032195));
#1975=DIRECTION('',(-2.1683925687158E-19,0.499997284580425,-0.866026971526985));
#1976=DIRECTION('center_axis',(-1.,-4.33680868994202E-19,2.40741243048405E-35));
#1977=DIRECTION('ref_axis',(-3.7557932958424E-19,0.866026971526985,0.499997284580425));
#1978=DIRECTION('',(2.1683925687158E-19,-0.499997284580425,0.866026971526985));
#1979=DIRECTION('center_axis',(1.,4.33680868994202E-19,-2.40741243048405E-35));
#1980=DIRECTION('ref_axis',(-2.1683925687158E-19,0.499997284580425,-0.866026971526985));
#1981=DIRECTION('',(-1.12246181861177E-19,0.258822073755525,0.965925014758853));
#1982=DIRECTION('center_axis',(1.,4.33680868994202E-19,-2.40741243048405E-35));
#1983=DIRECTION('ref_axis',(-4.18903199783866E-19,0.965925014758875,-0.258822073755441));
#1984=DIRECTION('center_axis',(-1.,-4.33680868994202E-19,2.40741243048405E-35));
#1985=DIRECTION('ref_axis',(-3.7557932958424E-19,0.866026971526985,0.499997284580425));
#1986=DIRECTION('center_axis',(1.,4.33680868994202E-19,-2.40741243048405E-35));
#1987=DIRECTION('ref_axis',(2.99425476884178E-19,-0.690428142653857,-0.723400981359263));
#1988=DIRECTION('',(-4.18903199783856E-19,0.965925014758853,-0.258822073755525));
#1989=DIRECTION('center_axis',(1.,4.33680868994202E-19,-2.40741243048405E-35));
#1990=DIRECTION('ref_axis',(1.12246181861177E-19,-0.258822073755525,-0.965925014758853));
#1991=DIRECTION('center_axis',(-1.,-4.33680868994202E-19,2.40741243048405E-35));
#1992=DIRECTION('ref_axis',(-3.7557932958424E-19,0.866026971526985,0.499997284580425));
#1993=DIRECTION('',(3.7557932958424E-19,-0.866026971526985,-0.499997284580425));
#1994=DIRECTION('',(2.1683925687158E-19,-0.499997284580425,0.866026971526985));
#1995=DIRECTION('center_axis',(1.,4.33680868994202E-19,-2.40741243048405E-35));
#1996=DIRECTION('ref_axis',(-1.93120365509723E-19,0.445305244747388,0.895378824297553));
#1997=DIRECTION('',(4.18903199783856E-19,-0.965925014758853,0.258822073755525));
#1998=DIRECTION('center_axis',(1.,4.33680868994202E-19,-2.40741243048405E-35));
#1999=DIRECTION('ref_axis',(-1.12246181861177E-19,0.258822073755525,0.965925014758853));
#2000=DIRECTION('',(-3.7557932958424E-19,0.866026971526985,0.499997284580425));
#2001=DIRECTION('center_axis',(1.,4.33680868994202E-19,-2.40741243048405E-35));
#2002=DIRECTION('ref_axis',(2.1683925687158E-19,-0.499997284580425,0.866026971526985));
#2003=DIRECTION('',(1.12246181861177E-19,-0.258822073755525,-0.965925014758853));
#2004=DIRECTION('center_axis',(1.,4.33680868994202E-19,-2.40741243048405E-35));
#2005=DIRECTION('ref_axis',(4.18903199783851E-19,-0.96592501475884,0.258822073755573));
#2006=DIRECTION('center_axis',(2.1683925687158E-19,-0.499997284580425,0.866026971526985));
#2007=DIRECTION('ref_axis',(1.,4.33680868994202E-19,-2.40741243048405E-35));
#2008=DIRECTION('',(2.1683925687158E-19,-0.499997284580425,0.866026971526985));
#2009=DIRECTION('',(-2.1683925687158E-19,0.499997284580425,-0.866026971526985));
#2010=DIRECTION('center_axis',(-2.1683925687158E-19,0.499997284580425,-0.866026971526985));
#2011=DIRECTION('ref_axis',(-3.7557932958424E-19,0.866026971526985,0.499997284580425));
#2012=DIRECTION('center_axis',(3.7557932958424E-19,-0.866026971526985,-0.499997284580425));
#2013=DIRECTION('ref_axis',(-1.,-4.33680868994202E-19,2.40741243048405E-35));
#2014=DIRECTION('',(2.1683925687158E-19,-0.499997284580425,0.866026971526985));
#2015=DIRECTION('',(1.,4.33680868994202E-19,-2.40741243048405E-35));
#2016=DIRECTION('center_axis',(2.1683925687158E-19,-0.499997284580425,0.866026971526985));
#2017=DIRECTION('ref_axis',(-3.7557932958424E-19,0.866026971526985,0.499997284580425));
#2018=DIRECTION('center_axis',(-2.1683925687158E-19,0.499997284580425,-0.866026971526985));
#2019=DIRECTION('ref_axis',(-1.,-4.33680868994202E-19,2.40741243048405E-35));
#2020=DIRECTION('',(2.1683925687158E-19,-0.499997284580425,0.866026971526985));
#2021=DIRECTION('center_axis',(1.,4.33680868994202E-19,-2.40741243048405E-35));
#2022=DIRECTION('ref_axis',(3.7557932958424E-19,-0.866026971526985,-0.499997284580425));
#2023=DIRECTION('',(-3.7557932958424E-19,0.866026971526985,0.499997284580425));
#2024=DIRECTION('center_axis',(2.1683925687158E-19,-0.499997284580425,0.866026971526985));
#2025=DIRECTION('ref_axis',(1.,4.33680868994202E-19,-2.40741243048405E-35));
#2026=DIRECTION('',(-0.480269377172278,-0.759610481162376,-0.438558140112364));
#2027=DIRECTION('center_axis',(-2.1683925687158E-19,0.499997284580425,-0.866026971526985));
#2028=DIRECTION('ref_axis',(0.899224438987794,-0.378876069398349,-0.218742616708187));
#2029=DIRECTION('center_axis',(-2.1683925687158E-19,0.499997284580425,-0.866026971526985));
#2030=DIRECTION('ref_axis',(1.,4.33680868994202E-19,-2.40741243048405E-35));
#2031=DIRECTION('',(3.7557932958424E-19,-0.866026971526985,-0.499997284580425));
#2032=DIRECTION('center_axis',(2.1683925687158E-19,-0.499997284580425,0.866026971526985));
#2033=DIRECTION('ref_axis',(1.,4.33680868994202E-19,-2.40741243048405E-35));
#2034=DIRECTION('',(-1.,-4.33680868994202E-19,2.40741243048405E-35));
#2035=DIRECTION('center_axis',(2.1683925687158E-19,-0.499997284580425,0.866026971526985));
#2036=DIRECTION('ref_axis',(-3.7557932958424E-19,0.866026971526985,0.499997284580425));
#2037=DIRECTION('',(3.7557932958424E-19,-0.866026971526985,-0.499997284580425));
#2038=DIRECTION('center_axis',(-2.1683925687158E-19,0.499997284580425,-0.866026971526985));
#2039=DIRECTION('ref_axis',(-0.849903754139602,-0.456342481581223,-0.263467546775123));
#2040=DIRECTION('center_axis',(-2.1683925687158E-19,0.499997284580425,-0.866026971526985));
#2041=DIRECTION('ref_axis',(-0.894658074676247,-0.386898874414525,-0.223374551803387));
#2042=DIRECTION('',(0.47992115038484,-0.759775530697539,-0.438653430815906));
#2043=DIRECTION('',(2.07387669117875E-5,0.866026971340747,0.499997284472901));
#2044=DIRECTION('center_axis',(2.1683925687158E-19,-0.499997284580425,0.866026971526985));
#2045=DIRECTION('ref_axis',(-3.7557932958424E-19,0.866026971526985,0.499997284580425));
#2046=DIRECTION('center_axis',(2.1683925687158E-19,-0.499997284580425,0.866026971526985));
#2047=DIRECTION('ref_axis',(-3.7557932958424E-19,0.866026971526985,0.499997284580425));
#2048=DIRECTION('',(-4.27400543396184E-12,-0.499997284199838,0.866026971746716));
#2049=DIRECTION('',(-4.52910779885846E-10,-0.499997284576118,0.866026971529472));
#2050=DIRECTION('center_axis',(2.1683925687158E-19,-0.499997284580425,0.866026971526985));
#2051=DIRECTION('ref_axis',(-1.,-4.33680868994202E-19,2.40741243048405E-35));
#2052=DIRECTION('',(4.0817044687823E-10,-0.258822073755525,-0.965925014758853));
#2053=DIRECTION('',(0.707106781186585,0.353551470158671,-0.61237354445517));
#2054=DIRECTION('center_axis',(-0.70710678118654,0.353551470501637,-0.612373544257213));
#2055=DIRECTION('ref_axis',(0.707106781186555,0.35355147050163,-0.6123735442572));
#2056=DIRECTION('',(3.75579329584256E-19,-0.866026971527022,-0.499997284580361));
#2057=DIRECTION('',(0.7071067811722,0.353555225402719,-0.612371376380969));
#2058=DIRECTION('center_axis',(-1.,-4.33680868994202E-19,2.40741243048405E-35));
#2059=DIRECTION('ref_axis',(-3.7557932958424E-19,0.866026971526985,0.499997284580425));
#2060=DIRECTION('',(1.19317048350617E-6,-0.499996883577556,0.866027203043477));
#2061=DIRECTION('center_axis',(-2.1683925687158E-19,0.499997284580425,-0.866026971526985));
#2062=DIRECTION('ref_axis',(-1.,-4.33680868994202E-19,2.40741243048405E-35));
#2063=DIRECTION('center_axis',(2.1683925687158E-19,-0.499997284580425,0.866026971526985));
#2064=DIRECTION('ref_axis',(-1.,-4.33680868994202E-19,2.40741243048405E-35));
#2065=DIRECTION('',(4.81996776823037E-8,0.499997307416859,-0.866026958342458));
#2066=DIRECTION('center_axis',(2.1683925687158E-19,-0.499997284580425,0.866026971526985));
#2067=DIRECTION('ref_axis',(-1.,-4.33680868994202E-19,2.40741243048405E-35));
#2068=DIRECTION('center_axis',(2.1683925687158E-19,-0.499997284580425,0.866026971526985));
#2069=DIRECTION('ref_axis',(-1.,-4.33680868994202E-19,2.40741243048405E-35));
#2070=DIRECTION('',(-0.620372136964193,-0.647412188961925,0.442714207205968));
#2071=DIRECTION('center_axis',(-2.1683925687158E-19,0.499997284580425,-0.866026971526985));
#2072=DIRECTION('ref_axis',(-0.877311626170138,-0.41562466043953,-0.239959272005134));
#2073=DIRECTION('center_axis',(-0.620353000078676,0.0596604546764709,-0.782050372700623));
#2074=DIRECTION('ref_axis',(-0.620353000078717,-0.647442486326793,0.442696715813791));
#2075=DIRECTION('',(-0.47992115038484,0.759775530697588,0.438653430815821));
#2076=DIRECTION('center_axis',(0.620218237941528,0.0594472098045056,-0.782173488793353));
#2077=DIRECTION('ref_axis',(0.620218237941517,-0.647655731198839,0.442573599721014));
#2078=DIRECTION('',(0.620244736236816,-0.647613818158265,0.442597796764733));
#2079=DIRECTION('',(-0.4802693771722,-0.75961048116248,-0.438558140112268));
#2080=DIRECTION('',(0.695811270918233,-0.5020792919451,0.513578679330694));
#2081=DIRECTION('center_axis',(2.1683925687158E-19,-0.499997284580425,0.866026971526985));
#2082=DIRECTION('ref_axis',(-1.,-4.33680868994202E-19,2.40741243048405E-35));
#2083=DIRECTION('center_axis',(-2.1683925687158E-19,0.499997284580425,-0.866026971526985));
#2084=DIRECTION('ref_axis',(0.899224438987794,-0.378876069398349,-0.218742616708187));
#2085=DIRECTION('center_axis',(-2.1683925687158E-19,0.499997284580425,-0.866026971526985));
#2086=DIRECTION('ref_axis',(-1.,-4.33680868994202E-19,2.40741243048405E-35));
#2087=DIRECTION('',(2.1683925687158E-19,-0.499997284580425,0.866026971526985));
#2088=DIRECTION('center_axis',(2.1683925687158E-19,-0.499997284580425,0.866026971526985));
#2089=DIRECTION('ref_axis',(0.849883427284902,-0.456370873396653,-0.263483938678708));
#2090=DIRECTION('',(-1.26989819528782E-6,-0.499996862372974,0.866027215285737));
#2091=DIRECTION('center_axis',(2.1683925687158E-19,-0.499997284580425,0.866026971526985));
#2092=DIRECTION('ref_axis',(0.958944901211756,-0.245598708702079,-0.141795453819387));
#2093=DIRECTION('',(-0.707106781170909,0.353555358157525,-0.612371299735888));
#2094=DIRECTION('center_axis',(0.70710678118654,0.353551470501637,-0.612373544257213));
#2095=DIRECTION('ref_axis',(-0.707106781186555,0.35355147050163,-0.6123735442572));
#2096=DIRECTION('',(-3.75579329584256E-19,0.866026971527022,0.499997284580361));
#2097=DIRECTION('',(-0.707106781186504,0.353551470148208,-0.612373544461306));
#2098=DIRECTION('center_axis',(1.,4.33680868994202E-19,-2.40741243048405E-35));
#2099=DIRECTION('ref_axis',(3.7557932958424E-19,-0.866026971526985,-0.499997284580425));
#2100=DIRECTION('',(4.91167242536829E-12,-0.499997284188179,0.866026971753447));
#2101=DIRECTION('',(-1.12246181861177E-19,0.258822073755525,0.965925014758853));
#2102=DIRECTION('center_axis',(-1.,-4.33680868994202E-19,2.40741243048405E-35));
#2103=DIRECTION('ref_axis',(4.18903199783856E-19,-0.965925014758853,0.258822073755525));
#2104=DIRECTION('',(-3.7557932958424E-19,0.866026971526985,0.499997284580425));
#2105=DIRECTION('center_axis',(-1.,-4.33680868994202E-19,2.40741243048405E-35));
#2106=DIRECTION('ref_axis',(2.1683925687158E-19,-0.499997284580425,0.866026971526985));
#2107=DIRECTION('',(-4.18903199783856E-19,0.965925014758853,-0.258822073755525));
#2108=DIRECTION('center_axis',(-1.,-4.33680868994202E-19,2.40741243048405E-35));
#2109=DIRECTION('ref_axis',(-1.12246181861177E-19,0.258822073755525,0.965925014758853));
#2110=DIRECTION('',(-2.1683925687158E-19,0.499997284580425,-0.866026971526985));
#2111=DIRECTION('center_axis',(-1.,-4.33680868994202E-19,2.40741243048405E-35));
#2112=DIRECTION('ref_axis',(-3.7557932958424E-19,0.866026971526985,0.499997284580425));
#2113=DIRECTION('',(1.12246181861177E-19,-0.258822073755525,-0.965925014758853));
#2114=DIRECTION('center_axis',(-1.,-4.33680868994202E-19,2.40741243048405E-35));
#2115=DIRECTION('ref_axis',(-4.18903199783856E-19,0.965925014758853,-0.258822073755525));
#2116=DIRECTION('center_axis',(-1.,-4.33680868994202E-19,2.40741243048405E-35));
#2117=DIRECTION('ref_axis',(-2.1683925687158E-19,0.499997284580425,-0.866026971526985));
#2118=DIRECTION('',(4.18903199783856E-19,-0.965925014758853,0.258822073755525));
#2119=DIRECTION('center_axis',(-1.,-4.33680868994202E-19,2.40741243048405E-35));
#2120=DIRECTION('ref_axis',(1.12246181861177E-19,-0.258822073755525,-0.965925014758853));
#2121=DIRECTION('',(2.1683925687158E-19,-0.499997284580425,0.866026971526985));
#2122=DIRECTION('center_axis',(-1.,-4.33680868994202E-19,2.40741243048405E-35));
#2123=DIRECTION('ref_axis',(3.7557932958424E-19,-0.866026971526985,-0.499997284580425));
#2124=DIRECTION('center_axis',(-4.18903199783857E-19,0.965925014758853,
-0.258822073755525));
#2125=DIRECTION('ref_axis',(1.12246181861177E-19,-0.258822073755525,-0.965925014758853));
#2126=DIRECTION('',(1.,-3.90748365707715E-15,1.45845460569943E-14));
#2127=DIRECTION('',(-1.,-3.58652253216075E-15,1.33834657934771E-14));
#2128=DIRECTION('center_axis',(1.,4.33680868994202E-19,-2.40741243048405E-35));
#2129=DIRECTION('ref_axis',(2.1683925687158E-19,-0.499997284580425,0.866026971526985));
#2130=DIRECTION('',(1.,4.33680868994202E-19,-2.40741243048405E-35));
#2131=DIRECTION('center_axis',(2.1683925687158E-19,-0.499997284580425,0.866026971526985));
#2132=DIRECTION('ref_axis',(-3.7557932958424E-19,0.866026971526985,0.499997284580425));
#2133=DIRECTION('',(-1.,-4.33680868994202E-19,2.40741243048405E-35));
#2134=DIRECTION('center_axis',(-1.,-4.33680868994202E-19,2.40741243048405E-35));
#2135=DIRECTION('ref_axis',(2.1683925687158E-19,-0.499997284580425,0.866026971526985));
#2136=DIRECTION('',(-1.,-1.09817389473118E-14,-2.94243187798298E-15));
#2137=DIRECTION('center_axis',(1.12246181861177E-19,-0.258822073755525,
-0.965925014758853));
#2138=DIRECTION('ref_axis',(4.18903199783857E-19,-0.965925014758853,0.258822073755525));
#2139=DIRECTION('',(1.,-1.09808715855738E-14,-2.94243187798298E-15));
#2140=DIRECTION('center_axis',(1.,4.33680868994202E-19,-2.40741243048405E-35));
#2141=DIRECTION('ref_axis',(-3.7557932958424E-19,0.866026971526985,0.499997284580425));
#2142=DIRECTION('',(-1.,-4.33680868994202E-19,2.40741243048405E-35));
#2143=DIRECTION('center_axis',(3.7557932958424E-19,-0.866026971526985,-0.499997284580425));
#2144=DIRECTION('ref_axis',(1.,4.33680868994202E-19,-2.40741243048405E-35));
#2145=DIRECTION('',(-1.,-4.33680868994202E-19,2.40741243048405E-35));
#2146=DIRECTION('center_axis',(-1.,-4.33680868994202E-19,2.40741243048405E-35));
#2147=DIRECTION('ref_axis',(-3.7557932958424E-19,0.866026971526985,0.499997284580425));
#2148=DIRECTION('',(-1.,-4.13822850928256E-15,1.54424605309352E-14));
#2149=DIRECTION('center_axis',(4.18903199783857E-19,-0.965925014758853,
0.258822073755525));
#2150=DIRECTION('ref_axis',(1.12246181861177E-19,-0.258822073755525,-0.965925014758853));
#2151=DIRECTION('',(1.,7.57955208839395E-15,1.56395660923074E-14));
#2152=DIRECTION('center_axis',(1.,4.33680868994202E-19,-2.40741243048405E-35));
#2153=DIRECTION('ref_axis',(-2.1683925687158E-19,0.499997284580425,-0.866026971526985));
#2154=DIRECTION('center_axis',(-1.,-4.33680868994202E-19,2.40741243048405E-35));
#2155=DIRECTION('ref_axis',(3.7557932958424E-19,-0.866026971526985,-0.499997284580425));
#2156=DIRECTION('center_axis',(-1.,-4.33680868994202E-19,2.40741243048405E-35));
#2157=DIRECTION('ref_axis',(3.7557932958424E-19,-0.866026971526985,-0.499997284580425));
#2158=DIRECTION('',(-1.,-4.33680868994202E-19,2.40741243048405E-35));
#2159=DIRECTION('center_axis',(1.,4.33680868994202E-19,-2.40741243048405E-35));
#2160=DIRECTION('ref_axis',(-3.7557932958424E-19,0.866026971526985,0.499997284580425));
#2161=DIRECTION('',(2.1683925687158E-19,-0.499997284580425,0.866026971526985));
#2162=DIRECTION('center_axis',(1.,4.33680868994202E-19,-2.40741243048405E-35));
#2163=DIRECTION('ref_axis',(3.75579329584261E-19,-0.866026971527033,-0.499997284580342));
#2164=DIRECTION('center_axis',(3.7557932958424E-19,-0.866026971526985,-0.499997284580425));
#2165=DIRECTION('ref_axis',(2.1683925687158E-19,-0.499997284580425,0.866026971526985));
#2166=DIRECTION('',(1.,4.33680868994202E-19,-2.40741243048405E-35));
#2167=DIRECTION('center_axis',(1.,4.33680868994202E-19,-2.40741243048405E-35));
#2168=DIRECTION('ref_axis',(3.7557932958424E-19,-0.866026971526985,-0.499997284580425));
#2169=DIRECTION('',(1.,4.33680868994202E-19,-2.40741243048405E-35));
#2170=DIRECTION('center_axis',(-1.12246181861177E-19,0.258822073755525,
0.965925014758853));
#2171=DIRECTION('ref_axis',(4.18903199783857E-19,-0.965925014758853,0.258822073755525));
#2172=DIRECTION('',(-1.,-4.33680868994202E-19,2.40741243048405E-35));
#2173=DIRECTION('center_axis',(-1.,-4.33680868994202E-19,2.40741243048405E-35));
#2174=DIRECTION('ref_axis',(-2.1683925687158E-19,0.499997284580425,-0.866026971526985));
#2175=DIRECTION('center_axis',(2.1683925687158E-19,-0.499997284580425,0.866026971526985));
#2176=DIRECTION('ref_axis',(1.,4.33680868994202E-19,-2.40741243048405E-35));
#2177=DIRECTION('center_axis',(2.1683925687158E-19,-0.499997284580425,0.866026971526985));
#2178=DIRECTION('ref_axis',(1.,4.33680868994202E-19,-2.40741243048405E-35));
#2179=DIRECTION('',(4.39407280007741E-10,-0.499997284576665,0.866026971529156));
#2180=DIRECTION('center_axis',(2.1683925687158E-19,-0.499997284580425,0.866026971526985));
#2181=DIRECTION('ref_axis',(0.707106781200987,0.612373544244675,0.353551470494459));
#2182=DIRECTION('',(-3.96009975888738E-10,-0.258822073755525,-0.965925014758853));
#2183=DIRECTION('center_axis',(-4.18903199783857E-19,0.965925014758853,
-0.258822073755525));
#2184=DIRECTION('ref_axis',(1.12246181861177E-19,-0.258822073755525,-0.965925014758853));
#2185=DIRECTION('',(-1.,-1.46871618390801E-13,-5.48228625485809E-13));
#2186=DIRECTION('center_axis',(-3.7557932958424E-19,0.866026971526985,0.499997284580425));
#2187=DIRECTION('ref_axis',(1.,4.33680868994202E-19,-2.40741243048405E-35));
#2188=DIRECTION('center_axis',(-2.1683925687158E-19,0.499997284580425,-0.866026971526985));
#2189=DIRECTION('ref_axis',(-1.,-4.33680868994202E-19,2.40741243048405E-35));
#2190=DIRECTION('',(-2.1683925687158E-19,0.499997284580425,-0.866026971526985));
#2191=DIRECTION('center_axis',(2.1683925687158E-19,-0.499997284580425,0.866026971526985));
#2192=DIRECTION('ref_axis',(1.,4.33680868994202E-19,-2.40741243048405E-35));
#2193=DIRECTION('center_axis',(-2.1683925687158E-19,0.499997284580425,-0.866026971526985));
#2194=DIRECTION('ref_axis',(-1.,-4.33680868994202E-19,2.40741243048405E-35));
#2195=DIRECTION('',(0.707106781186547,0.353551470501678,-0.61237354425718));
#2196=DIRECTION('center_axis',(0.999999999769512,-2.0738749487847E-5,-5.55693117730009E-6));
#2197=DIRECTION('ref_axis',(2.14703333562598E-5,0.965925826066434,0.258819045042866));
#2198=DIRECTION('',(-5.55665549297388E-6,-0.499988487662484,0.866032050315752));
#2199=DIRECTION('center_axis',(0.877121043728032,-0.415926234229661,-0.240133384453268));
#2200=DIRECTION('ref_axis',(-0.480269377172278,-0.759610481162382,-0.438558140112353));
#2201=DIRECTION('',(-1.68567437288088E-15,-0.499997284580424,0.866026971526986));
#2202=DIRECTION('center_axis',(-2.1683925687158E-19,0.499997284580425,-0.866026971526985));
#2203=DIRECTION('ref_axis',(-1.,-4.33680868994202E-19,2.40741243048405E-35));
#2204=DIRECTION('center_axis',(-2.1683925687158E-19,0.499997284580425,-0.866026971526985));
#2205=DIRECTION('ref_axis',(-1.,-4.33680868994202E-19,2.40741243048405E-35));
#2206=DIRECTION('',(1.72949297930877E-8,-0.499995514321722,0.86602799357651));
#2207=DIRECTION('center_axis',(-0.877311626170138,-0.415624660439508,-0.239959272005171));
#2208=DIRECTION('ref_axis',(-0.47992115038484,0.75977553069754,0.438653430815903));
#2209=DIRECTION('center_axis',(0.70710678118654,0.353551470501637,-0.612373544257213));
#2210=DIRECTION('ref_axis',(-0.707106781186555,0.35355147050163,-0.6123735442572));
#2211=DIRECTION('center_axis',(2.38061070525977E-19,-0.548931455238252,
-0.835867368336637));
#2212=DIRECTION('ref_axis',(-1.,-4.33680868994202E-19,2.40741243048405E-35));
#2213=DIRECTION('',(3.62499686664129E-19,-0.835867368336637,0.548931455238252));
#2214=DIRECTION('',(-0.481199433327401,0.732730653603884,-0.481199433327402));
#2215=DIRECTION('',(-1.,-4.33680868994202E-19,2.40741243048405E-35));
#2216=DIRECTION('',(-0.481199433327349,-0.732730653603908,0.481199433327417));
#2217=DIRECTION('',(3.62499686664129E-19,-0.835867368336637,0.548931455238252));
#2218=DIRECTION('center_axis',(-1.,-4.33680868994202E-19,2.40741243048405E-35));
#2219=DIRECTION('ref_axis',(4.33680868994202E-19,-1.,5.55111512312579E-17));
#2220=DIRECTION('',(-3.43616494843147E-19,0.792325692484583,-0.610098350291841));
#2221=DIRECTION('',(0.,-5.55111512312579E-17,-1.));
#2222=DIRECTION('center_axis',(-1.,-4.33680868994202E-19,2.40741243048405E-35));
#2223=DIRECTION('ref_axis',(-3.06658683336676E-19,0.707106781186549,0.707106781186546));
#2224=DIRECTION('',(-4.33680868994202E-19,1.,-5.55111512312578E-17));
#2225=DIRECTION('',(0.,5.55111512312578E-17,1.));
#2226=DIRECTION('',(-4.33680868994202E-19,1.,-5.55111512312579E-17));
#2227=DIRECTION('',(0.,-5.55111512312579E-17,-1.));
#2228=DIRECTION('',(4.33680868994202E-19,-1.,5.55111512312579E-17));
#2229=DIRECTION('',(0.,5.55111512312578E-17,1.));
#2230=DIRECTION('',(4.33680868994202E-19,-1.,5.55111512312579E-17));
#2231=DIRECTION('center_axis',(-2.64587982726495E-19,0.610098350291841,
0.792325692484583));
#2232=DIRECTION('ref_axis',(1.,4.33680868994202E-19,-2.40741243048405E-35));
#2233=DIRECTION('',(-3.43616494843147E-19,0.792325692484583,-0.610098350291841));
#2234=DIRECTION('',(-1.,-4.33680868994202E-19,2.40741243048405E-35));
#2235=DIRECTION('center_axis',(-1.,-4.33680868994202E-19,2.40741243048405E-35));
#2236=DIRECTION('ref_axis',(-4.18903903669994E-19,0.965926637809781,0.258816016446995));
#2237=DIRECTION('',(-4.33680868994202E-19,1.,-5.55111512312579E-17));
#2238=DIRECTION('',(0.,5.55111512312578E-17,1.));
#2239=DIRECTION('',(-4.33680868994202E-19,1.,-5.55111512312579E-17));
#2240=DIRECTION('',(0.,5.55111512312579E-17,1.));
#2241=DIRECTION('',(4.33680868994202E-19,-1.,5.55111512312579E-17));
#2242=DIRECTION('',(0.,5.55111512312578E-17,1.));
#2243=DIRECTION('',(4.33680868994202E-19,-1.,5.55111512312578E-17));
#2244=DIRECTION('center_axis',(1.,4.33680868994202E-19,-2.40741243048405E-35));
#2245=DIRECTION('ref_axis',(-3.06658683336676E-19,0.707106781186549,0.707106781186546));
#2246=DIRECTION('',(0.,5.55111512312579E-17,1.));
#2247=DIRECTION('center_axis',(-1.,-4.33680868994202E-19,2.40741243048405E-35));
#2248=DIRECTION('ref_axis',(-3.06658683336676E-19,0.707106781186549,0.707106781186546));
#2249=DIRECTION('',(-1.,-4.33680868994202E-19,2.40741243048405E-35));
#2250=DIRECTION('',(1.,4.33680868994202E-19,-2.40741243048405E-35));
#2251=DIRECTION('center_axis',(0.,5.55111512312579E-17,1.));
#2252=DIRECTION('ref_axis',(1.,4.33680868994202E-19,-2.40741243048405E-35));
#2253=DIRECTION('',(1.,4.33680868994202E-19,-2.40741243048405E-35));
#2254=DIRECTION('center_axis',(0.,-5.55111512312579E-17,-1.));
#2255=DIRECTION('ref_axis',(0.527050610820192,0.849833897672988,-4.71752580151745E-17));
#2256=DIRECTION('',(1.,4.33680868994202E-19,-2.40741243048405E-35));
#2257=DIRECTION('center_axis',(0.,-5.55111512312579E-17,-1.));
#2258=DIRECTION('ref_axis',(1.,4.33680868994202E-19,-2.40741243048405E-35));
#2259=DIRECTION('center_axis',(0.,-5.55111512312579E-17,-1.));
#2260=DIRECTION('ref_axis',(1.,4.33680868994202E-19,-2.40741243048405E-35));
#2261=DIRECTION('center_axis',(-4.33680868994202E-19,1.,-5.55111512312579E-17));
#2262=DIRECTION('ref_axis',(-1.,-4.33680868994202E-19,2.40741243048405E-35));
#2263=DIRECTION('',(1.,4.33680868994202E-19,-2.40741243048405E-35));
#2264=DIRECTION('',(0.,5.55111512312579E-17,1.));
#2265=DIRECTION('center_axis',(0.,5.55111512312579E-17,1.));
#2266=DIRECTION('ref_axis',(1.,4.33680868994202E-19,-2.40741243048405E-35));
#2267=DIRECTION('center_axis',(0.,-5.55111512312579E-17,-1.));
#2268=DIRECTION('ref_axis',(0.527050610820192,0.849833897672988,-4.71752580151745E-17));
#2269=DIRECTION('',(1.,4.33680868994202E-19,-2.40741243048405E-35));
#2270=DIRECTION('',(-1.,-4.33680868994202E-19,2.40741243048405E-35));
#2271=DIRECTION('center_axis',(0.,-5.55111512312579E-17,-1.));
#2272=DIRECTION('ref_axis',(-1.,-4.33680868994202E-19,2.40741243048405E-35));
#2273=DIRECTION('center_axis',(0.,-5.55111512312579E-17,-1.));
#2274=DIRECTION('ref_axis',(1.,4.33680868994202E-19,-2.40741243048405E-35));
#2275=DIRECTION('center_axis',(-4.33680868994202E-19,1.,-5.55111512312579E-17));
#2276=DIRECTION('ref_axis',(-1.,-4.33680868994202E-19,2.40741243048405E-35));
#2277=DIRECTION('',(1.,4.33680868994202E-19,-2.40741243048405E-35));
#2278=DIRECTION('center_axis',(0.,5.55111512312579E-17,1.));
#2279=DIRECTION('ref_axis',(1.,4.33680868994202E-19,-2.40741243048405E-35));
#2280=DIRECTION('',(-1.,-4.33680868994202E-19,2.40741243048405E-35));
#2281=DIRECTION('center_axis',(0.,5.55111512312579E-17,1.));
#2282=DIRECTION('ref_axis',(1.,4.33680868994202E-19,-2.40741243048405E-35));
#2283=DIRECTION('',(-1.,-4.33680868994202E-19,2.40741243048405E-35));
#2284=DIRECTION('center_axis',(0.,5.55111512312579E-17,1.));
#2285=DIRECTION('ref_axis',(1.,4.33680868994202E-19,-2.40741243048405E-35));
#2286=DIRECTION('center_axis',(0.,5.55111512312579E-17,1.));
#2287=DIRECTION('ref_axis',(1.,4.33680868994202E-19,-2.40741243048405E-35));
#2288=DIRECTION('center_axis',(-4.33680868994202E-19,1.,-5.55111512312579E-17));
#2289=DIRECTION('ref_axis',(-1.,-4.33680868994202E-19,2.40741243048405E-35));
#2290=DIRECTION('',(0.,5.55111512312579E-17,1.));
#2291=DIRECTION('',(1.,4.33680868994202E-19,-2.40741243048405E-35));
#2292=DIRECTION('',(0.707106781186548,3.95589701504311E-17,0.707106781186548));
#2293=DIRECTION('center_axis',(-4.33680868994202E-19,1.,-5.55111512312579E-17));
#2294=DIRECTION('ref_axis',(-1.,-4.33680868994202E-19,2.40741243048405E-35));
#2295=DIRECTION('',(0.,5.55111512312579E-17,1.));
#2296=DIRECTION('center_axis',(0.,5.55111512312579E-17,1.));
#2297=DIRECTION('ref_axis',(0.527050610820192,0.849833897672988,-4.71752580151745E-17));
#2298=DIRECTION('center_axis',(0.,5.55111512312579E-17,1.));
#2299=DIRECTION('ref_axis',(1.,4.33680868994202E-19,-2.40741243048405E-35));
#2300=DIRECTION('',(0.707106781186547,-1.25541258407307E-16,-0.707106781186548));
#2301=DIRECTION('center_axis',(0.,5.55111512312579E-17,1.));
#2302=DIRECTION('ref_axis',(1.,4.33680868994202E-19,-2.40741243048405E-35));
#2303=DIRECTION('center_axis',(0.,5.55111512312579E-17,1.));
#2304=DIRECTION('ref_axis',(1.,4.33680868994202E-19,-2.40741243048405E-35));
#2305=DIRECTION('',(0.707106781186547,-1.25541258407307E-16,-0.707106781186548));
#2306=DIRECTION('center_axis',(0.,5.55111512312579E-17,1.));
#2307=DIRECTION('ref_axis',(-1.,-4.33680868994202E-19,2.40741243048405E-35));
#2308=DIRECTION('center_axis',(0.,5.55111512312579E-17,1.));
#2309=DIRECTION('ref_axis',(-1.,-4.33680868994202E-19,2.40741243048405E-35));
#2310=DIRECTION('center_axis',(0.,5.55111512312579E-17,1.));
#2311=DIRECTION('ref_axis',(-1.,-4.33680868994202E-19,2.40741243048405E-35));
#2312=DIRECTION('',(0.,-5.55111512312579E-17,-1.));
#2313=DIRECTION('center_axis',(0.,5.55111512312579E-17,1.));
#2314=DIRECTION('ref_axis',(1.,4.33680868994202E-19,-2.40741243048405E-35));
#2315=DIRECTION('',(0.,-5.55111512312579E-17,-1.));
#2316=DIRECTION('center_axis',(0.,5.55111512312579E-17,1.));
#2317=DIRECTION('ref_axis',(1.,4.33680868994202E-19,-2.40741243048405E-35));
#2318=DIRECTION('center_axis',(0.,5.55111512312579E-17,1.));
#2319=DIRECTION('ref_axis',(1.,4.33680868994202E-19,-2.40741243048405E-35));
#2320=DIRECTION('',(0.,5.55111512312579E-17,1.));
#2321=DIRECTION('center_axis',(0.,5.55111512312579E-17,1.));
#2322=DIRECTION('ref_axis',(1.,4.33680868994202E-19,-2.40741243048405E-35));
#2323=DIRECTION('center_axis',(0.,5.55111512312579E-17,1.));
#2324=DIRECTION('ref_axis',(1.,4.33680868994202E-19,-2.40741243048405E-35));
#2325=DIRECTION('center_axis',(0.,5.55111512312579E-17,1.));
#2326=DIRECTION('ref_axis',(1.,4.33680868994202E-19,-2.40741243048405E-35));
#2327=DIRECTION('',(0.,5.55111512312579E-17,1.));
#2328=DIRECTION('center_axis',(0.,5.55111512312579E-17,1.));
#2329=DIRECTION('ref_axis',(1.,4.33680868994202E-19,-2.40741243048405E-35));
#2330=DIRECTION('center_axis',(-4.33680868994202E-19,1.,-5.55111512312579E-17));
#2331=DIRECTION('ref_axis',(-1.,-4.33680868994202E-19,2.40741243048405E-35));
#2332=DIRECTION('',(0.707106781186548,-3.89456527837577E-17,-0.707106781186548));
#2333=DIRECTION('',(1.,4.33680868994202E-19,-2.40741243048405E-35));
#2334=DIRECTION('',(0.,5.55111512312579E-17,1.));
#2335=DIRECTION('center_axis',(0.,5.55111512312579E-17,1.));
#2336=DIRECTION('ref_axis',(1.,4.33680868994202E-19,-2.40741243048405E-35));
#2337=DIRECTION('center_axis',(0.,5.55111512312579E-17,1.));
#2338=DIRECTION('ref_axis',(0.527050610820192,0.849833897672988,-4.71752580151745E-17));
#2339=DIRECTION('center_axis',(0.,-5.55111512312579E-17,-1.));
#2340=DIRECTION('ref_axis',(4.33680868994202E-19,-1.,5.55111512312579E-17));
#2341=DIRECTION('',(8.62889469402127E-17,0.707106781186547,-0.707106781186547));
#2342=DIRECTION('center_axis',(0.,5.55111512312579E-17,1.));
#2343=DIRECTION('ref_axis',(1.,4.33680868994202E-19,-2.40741243048405E-35));
#2344=DIRECTION('center_axis',(0.,-5.55111512312579E-17,-1.));
#2345=DIRECTION('ref_axis',(4.33680868994202E-19,-1.,5.55111512312579E-17));
#2346=DIRECTION('',(8.62889469402127E-17,0.707106781186547,-0.707106781186547));
#2347=DIRECTION('center_axis',(0.,5.55111512312579E-17,1.));
#2348=DIRECTION('ref_axis',(1.,4.33680868994202E-19,-2.40741243048405E-35));
#2349=DIRECTION('center_axis',(-4.33680868994202E-19,1.,-5.55111512312579E-17));
#2350=DIRECTION('ref_axis',(0.,5.55111512312579E-17,1.));
#2351=DIRECTION('center_axis',(0.,-5.55111512312579E-17,-1.));
#2352=DIRECTION('ref_axis',(-4.33680868994202E-19,1.,-5.55111512312579E-17));
#2353=DIRECTION('',(-4.33680868994202E-19,1.,-5.55111512312579E-17));
#2354=DIRECTION('',(4.33680868994202E-19,-1.,5.55111512312579E-17));
#2355=DIRECTION('center_axis',(-0.707106781186598,-3.95589701504283E-17,
-0.707106781186498));
#2356=DIRECTION('ref_axis',(-0.707106781186498,3.89456527837605E-17,0.707106781186598));
#2357=DIRECTION('center_axis',(0.707106781186548,-3.89456527837577E-17,
-0.707106781186548));
#2358=DIRECTION('ref_axis',(0.707106781186548,3.95589701504311E-17,0.707106781186548));
#2359=DIRECTION('',(-5.63785129692462E-17,2.40741243048404E-35,1.));
#2360=DIRECTION('',(1.,-4.33680868994202E-19,0.));
#2361=DIRECTION('',(0.,0.,1.));
#2362=DIRECTION('',(1.,0.,0.));
#2363=CARTESIAN_POINT('',(0.,0.,0.));
#2364=CARTESIAN_POINT('',(0.,0.,0.));
#2365=CARTESIAN_POINT('',(0.,0.,0.));
#2366=CARTESIAN_POINT('Origin',(0.016394001240723,57.8582152816257,-3.78603867683965));
#2367=CARTESIAN_POINT('',(-19.486103482187,62.1300963441555,-11.1852072991484));
#2368=CARTESIAN_POINT('',(-17.9861034596984,62.8800881180609,-12.4842405632403));
#2369=CARTESIAN_POINT('',(-16.3714560568691,63.6874029451362,-13.8825609868157));
#2370=CARTESIAN_POINT('',(18.0149376634674,62.8800881186633,-12.4842405642837));
#2371=CARTESIAN_POINT('',(0.0163936059703878,62.8800881033935,-12.4842405378354));
#2372=CARTESIAN_POINT('',(19.5149376865703,62.130092176526,-11.18520008055));
#2373=CARTESIAN_POINT('',(22.2525756087777,60.7612806492564,-8.81433180164017));
#2374=CARTESIAN_POINT('',(19.5149376865703,52.3801451272059,5.7023258642292));
#2375=CARTESIAN_POINT('',(19.5149376865703,62.130092176526,-11.18520008055));
#2376=CARTESIAN_POINT('',(-19.4862118411233,52.3801451272078,5.70232586423028));
#2377=CARTESIAN_POINT('',(0.0163936059703878,52.3801451272078,5.70232586423028));
#2378=CARTESIAN_POINT('',(-19.4860866920827,63.6408411314631,-13.8019129758611));
#2379=CARTESIAN_POINT('',(19.2136351606585,52.6605204742133,5.21669800154739));
#2380=CARTESIAN_POINT('',(-19.1849093152115,52.6605204742132,5.21669800154743));
#2381=CARTESIAN_POINT('',(-9.58425765698538,52.6605204742132,5.21669800154743));
#2382=CARTESIAN_POINT('',(19.2136351606585,61.0452498320498,-9.30618441557592));
#2383=CARTESIAN_POINT('',(19.2136351606585,66.6000243276235,-18.9274057347178));
#2384=CARTESIAN_POINT('',(-19.1849093152115,61.0452498320498,-9.30618441557592));
#2385=CARTESIAN_POINT('',(9.11501458094962,61.0452498320498,-9.30618441557593));
#2386=CARTESIAN_POINT('',(-19.1849093152115,52.4718922343715,5.54341406247912));
#2387=CARTESIAN_POINT('Origin',(-18.7363111153197,53.8345661561825,-16.8406182291933));
#2388=CARTESIAN_POINT('',(-19.4861054261486,62.1308998008247,-11.1847386141868));
#2389=CARTESIAN_POINT('',(-19.4864275818846,48.5960670215932,-18.9990261907019));
#2390=CARTESIAN_POINT('',(-17.9860955104897,63.2129647084684,-12.2920555319281));
#2391=CARTESIAN_POINT('',(-19.4360828110271,62.1669934620349,-11.2216630341542));
#2392=CARTESIAN_POINT('',(-17.9864957106197,46.4544073104173,-21.9675448003582));
#2393=CARTESIAN_POINT('Origin',(0.0163932107000527,87.820781033248,1.91517097066968));
#2394=CARTESIAN_POINT('',(-19.0473499489827,64.8930616898677,-11.3220569856684));
#2395=CARTESIAN_POINT('',(-17.9860955104897,63.2129647084684,-12.2920555319281));
#2396=CARTESIAN_POINT('',(-21.9205850832697,69.7175937376903,-8.53663340451124));
#2397=CARTESIAN_POINT('Origin',(93.6994619077304,118.306728326138,19.5161133956211));
#2398=CARTESIAN_POINT('',(-22.4836067899187,71.3662687198497,-7.58477735158057));
#2399=CARTESIAN_POINT('Origin',(-18.9836067892997,71.3662685742331,-7.58477743636633));
#2400=CARTESIAN_POINT('',(-22.4836067893018,101.244199085374,9.66512887788451));
#2401=CARTESIAN_POINT('',(-22.4836067893027,87.0630074331575,1.47767334665923));
#2402=CARTESIAN_POINT('',(-15.4836067795997,107.306387892563,13.1651098735758));
#2403=CARTESIAN_POINT('Origin',(-15.4836067892997,101.244199091917,9.66512888165771));
#2404=CARTESIAN_POINT('',(15.5163932031491,107.306387892586,13.1651098736602));
#2405=CARTESIAN_POINT('',(15.5163932012903,107.306387892568,13.1651098735977));
#2406=CARTESIAN_POINT('',(22.5163932105903,101.244199083571,9.66512887671927));
#2407=CARTESIAN_POINT('Origin',(15.5163932107003,101.244199091917,9.66512888165771));
#2408=CARTESIAN_POINT('',(22.5163932105251,71.3662685871607,-7.58477742910303));
#2409=CARTESIAN_POINT('',(22.5163932103503,71.3662685884835,-7.58477742854144));
#2410=CARTESIAN_POINT('',(21.9534204667803,69.7176591562506,-8.53659563536966));
#2411=CARTESIAN_POINT('Origin',(19.0163932107003,71.3662685742331,-7.58477743636633));
#2412=CARTESIAN_POINT('',(19.0763209518936,64.8911732019147,-11.3231484216908));
#2413=CARTESIAN_POINT('Origin',(-93.6459878206696,118.343620958776,19.5374132127684));
#2414=CARTESIAN_POINT('',(18.0149376865703,63.2124531117348,-12.2923509003097));
#2415=CARTESIAN_POINT('',(22.2356302409545,69.8880448826435,-8.43822410268467));
#2416=CARTESIAN_POINT('',(18.0149365217603,46.4553718858043,-21.9669879789999));
#2417=CARTESIAN_POINT('',(13.9163932106981,87.9939864275518,2.0151704275814));
#2418=CARTESIAN_POINT('Origin',(10.0163932107003,87.9939864275514,2.01517042758584));
#2419=CARTESIAN_POINT('',(-6.08360678930188,87.9939864275518,2.0151704275814));
#2420=CARTESIAN_POINT('Origin',(-9.98360678929966,87.9939864275514,2.01517042758584));
#2421=CARTESIAN_POINT('Origin',(-9.98360678929966,87.7439877831447,2.44818391701145));
#2422=CARTESIAN_POINT('',(-7.08360678930379,87.4939891429704,2.88119739911004));
#2423=CARTESIAN_POINT('Origin',(-9.98360678929966,87.493989142968,2.88119739911225));
#2424=CARTESIAN_POINT('',(-6.58360679353566,87.7439877831447,2.44818391701145));
#2425=CARTESIAN_POINT('Origin',(-9.98360678929966,87.9939864275514,2.01517042758584));
#2426=CARTESIAN_POINT('',(-7.08360678929966,86.4939945738135,4.61325134215802));
#2427=CARTESIAN_POINT('Origin',(-9.98360678929966,86.4939945738135,4.61325134215802));
#2428=CARTESIAN_POINT('',(-7.08360678929966,87.9939864275514,2.01517042758584));
#2429=CARTESIAN_POINT('Origin',(0.0149376865703447,31.0026467841996,-27.4244612519234));
#2430=CARTESIAN_POINT('',(-8.33360678929966,86.4939945738147,4.61325134215875));
#2431=CARTESIAN_POINT('Origin',(-9.98360678929966,86.4939945738135,4.61325134215802));
#2432=CARTESIAN_POINT('Origin',(0.0149376865703447,31.0026467841996,-27.4244612519234));
#2433=CARTESIAN_POINT('',(12.9163932107003,86.4939945738147,4.61325134215876));
#2434=CARTESIAN_POINT('Origin',(10.0163932107003,86.4939945738135,4.61325134215802));
#2435=CARTESIAN_POINT('',(11.6663932107003,86.4939945738147,4.61325134215875));
#2436=CARTESIAN_POINT('Origin',(10.0163932107003,86.4939945738135,4.61325134215802));
#2437=CARTESIAN_POINT('Origin',(-9.98360678929966,87.9939864275514,2.01517042758584));
#2438=CARTESIAN_POINT('',(-8.33360678929966,84.9940027200733,7.21133225674004));
#2439=CARTESIAN_POINT('Origin',(-9.98360678929966,84.994002720073,7.21133225673986));
#2440=CARTESIAN_POINT('',(-8.33360678929966,87.9939864275514,2.01517042758584));
#2441=CARTESIAN_POINT('Origin',(0.0163932107000567,84.82079732576,7.11133279982112));
#2442=CARTESIAN_POINT('',(-21.4836067892997,72.3682961697155,-0.0780700351407027));
#2443=CARTESIAN_POINT('',(-16.2632415832997,66.505293572481,-3.46305165175332));
#2444=CARTESIAN_POINT('Origin',(-14.4836067892997,72.3682961697155,-0.0780700351407027));
#2445=CARTESIAN_POINT('',(16.2954398451203,66.505293572481,-3.46305165175332));
#2446=CARTESIAN_POINT('',(-16.2632415832997,66.505293572481,-3.46305165175332));
#2447=CARTESIAN_POINT('',(21.5161481627502,72.3687462723272,-0.0778101674980336));
#2448=CARTESIAN_POINT('Origin',(14.5158050511203,72.3682961697155,-0.0780700351407027));
#2449=CARTESIAN_POINT('',(21.5163932107004,75.9376475041678,1.98268099642212));
#2450=CARTESIAN_POINT('',(21.5163932107004,77.243061324902,2.7363565597442));
#2451=CARTESIAN_POINT('',(24.0163932107004,75.9376475041678,1.98268099642212));
#2452=CARTESIAN_POINT('',(24.0163932107004,75.9376475041678,1.98268099642212));
#2453=CARTESIAN_POINT('',(24.0163932107004,94.1369606331277,12.4899832455234));
#2454=CARTESIAN_POINT('',(24.0163932107004,75.9376475041678,1.98268099642212));
#2455=CARTESIAN_POINT('',(21.5163932107004,94.1369606331277,12.4899832455234));
#2456=CARTESIAN_POINT('',(21.5163932107004,94.1369606331277,12.4899832455234));
#2457=CARTESIAN_POINT('',(21.5163932107004,97.3781884129079,14.3612934262438));
#2458=CARTESIAN_POINT('',(21.5163932107004,97.3781884129079,14.3612934262438));
#2459=CARTESIAN_POINT('',(14.5163932107003,103.440377213589,17.8612744183046));
#2460=CARTESIAN_POINT('Origin',(14.5163932107003,97.3781884129079,14.3612934262438));
#2461=CARTESIAN_POINT('',(-14.4836067892997,103.440377213589,17.8612744183046));
#2462=CARTESIAN_POINT('',(14.5163932107003,103.440377213589,17.8612744183046));
#2463=CARTESIAN_POINT('',(-21.4836067892997,97.3781884129079,14.3612934262438));
#2464=CARTESIAN_POINT('Origin',(-14.4836067892997,97.3781884129079,14.3612934262438));
#2465=CARTESIAN_POINT('',(-21.4836067892997,97.3781884129079,14.3612934262438));
#2466=CARTESIAN_POINT('',(11.6663932107003,84.9940027200733,7.21133225674004));
#2467=CARTESIAN_POINT('Origin',(10.0163932107003,84.994002720073,7.21133225673986));
#2468=CARTESIAN_POINT('Origin',(10.0163932107003,87.9939864275514,2.01517042758584));
#2469=CARTESIAN_POINT('',(11.6663932107003,87.9939864275514,2.01517042758584));
#2470=CARTESIAN_POINT('Origin',(-14.4836067892997,64.8683369010147,12.9123345377623));
#2471=CARTESIAN_POINT('',(-21.4836067892997,64.8683369010147,12.9123345377623));
#2472=CARTESIAN_POINT('',(-21.4836067892997,72.3682961697155,-0.0780700351407027));
#2473=CARTESIAN_POINT('',(-16.2632415832997,59.0053343037693,9.52735292115138));
#2474=CARTESIAN_POINT('Origin',(-14.4836067892997,64.8683369010147,12.9123345377623));
#2475=CARTESIAN_POINT('',(-16.2632415832997,66.505293572481,-3.46305165175332));
#2476=CARTESIAN_POINT('Origin',(37.0149376865703,69.5668591214148,-8.76587713149497));
#2477=CARTESIAN_POINT('',(16.2954398451203,59.0053343037693,9.52735292115138));
#2478=CARTESIAN_POINT('',(-16.2632415832997,59.0053343037693,9.52735292115138));
#2479=CARTESIAN_POINT('',(16.2954398451203,66.505293572481,-3.46305165175332));
#2480=CARTESIAN_POINT('Origin',(14.5158050511203,64.8683369010147,12.9123345377623));
#2481=CARTESIAN_POINT('',(21.5159888509888,70.6688939054128,2.86540234254925));
#2482=CARTESIAN_POINT('',(21.5161481627503,72.3687462734816,-0.0778101694966737));
#2483=CARTESIAN_POINT('',(21.5161971575082,64.8698815767002,12.9132263461175));
#2484=CARTESIAN_POINT('Origin',(14.5158050511203,64.8683369010147,12.9123345377623));
#2485=CARTESIAN_POINT('',(21.5159888509905,67.817732377187,7.80379472954875));
#2486=CARTESIAN_POINT('',(21.5159888509903,67.8177323799462,7.80379472518241));
#2487=CARTESIAN_POINT('',(21.5159888509903,67.8177323799462,7.80379472518241));
#2488=CARTESIAN_POINT('Origin',(21.5163932107004,62.1653660553359,11.3517848925751));
#2489=CARTESIAN_POINT('',(21.5163932107004,96.0860312806656,16.599391461413));
#2490=CARTESIAN_POINT('',(21.5163932107004,97.3781884129079,14.3612934262438));
#2491=CARTESIAN_POINT('',(21.5163932107004,95.5347438236636,14.3115979388387));
#2492=CARTESIAN_POINT('Origin',(21.5163932107004,92.6369687793872,15.0880641601053));
#2493=CARTESIAN_POINT('',(21.5163932107004,95.9895872053574,16.0090752590698));
#2494=CARTESIAN_POINT('',(21.5163932107004,95.5347438236636,14.3115979388387));
#2495=CARTESIAN_POINT('Origin',(21.5163932107004,93.0918121610809,16.7855414803363));
#2496=CARTESIAN_POINT('Origin',(21.5163932107004,62.1653660553359,11.3517848925751));
#2497=CARTESIAN_POINT('',(21.5163932107004,71.9637121089239,2.13783024841966));
#2498=CARTESIAN_POINT('Origin',(21.5163932107004,72.7401783301965,5.0356052926967));
#2499=CARTESIAN_POINT('',(21.5163932107004,73.661189429155,1.68298686672596));
#2500=CARTESIAN_POINT('',(21.5163932107004,71.9637121089239,2.13783024841966));
#2501=CARTESIAN_POINT('Origin',(21.5163932107004,74.4376556504274,4.58076191100396));
#2502=CARTESIAN_POINT('Origin',(21.5163932107004,62.1653660553359,11.3517848925751));
#2503=CARTESIAN_POINT('',(21.5163932107004,89.8782291441966,27.3516979991475));
#2504=CARTESIAN_POINT('',(21.5163932107004,69.7431020561963,15.7267611326538));
#2505=CARTESIAN_POINT('',(21.5163932107004,92.420379509089,22.9485325473952));
#2506=CARTESIAN_POINT('',(21.5163932107004,92.4203795279924,22.9485324901811));
#2507=CARTESIAN_POINT('',(21.5163932107004,91.8609299711134,23.1601711376142));
#2508=CARTESIAN_POINT('Origin',(21.5163932107004,91.0844637498411,20.2623960933359));
#2509=CARTESIAN_POINT('',(21.5163932107004,90.1634526508826,23.6150145193069));
#2510=CARTESIAN_POINT('',(21.5163932107004,91.8609299711134,23.1601711376142));
#2511=CARTESIAN_POINT('',(21.5163932107004,87.8869945758697,23.3153203896108));
#2512=CARTESIAN_POINT('Origin',(21.5163932107004,89.3869864296102,20.7172394750289));
#2513=CARTESIAN_POINT('',(21.5163932107004,69.6876814469101,12.8080181405085));
#2514=CARTESIAN_POINT('',(21.5163932107004,69.6876814469101,12.8080181405085));
#2515=CARTESIAN_POINT('',(21.5163932107004,68.2898982563739,10.9864034471942));
#2516=CARTESIAN_POINT('Origin',(21.5163932107004,71.1876733006504,10.2099372259276));
#2517=CARTESIAN_POINT('',(21.5163932107004,67.8350548746802,9.2889261269631));
#2518=CARTESIAN_POINT('',(21.5163932107004,68.2898982563739,10.9864034471942));
#2519=CARTESIAN_POINT('Origin',(21.5163932107004,70.7328299189567,8.51245990569655));
#2520=CARTESIAN_POINT('Origin',(14.5163932107003,135.567295024939,-51.7846584909596));
#2521=CARTESIAN_POINT('',(14.5163932107003,95.940417944887,30.8516789912109));
#2522=CARTESIAN_POINT('',(14.5163932107003,103.440377213589,17.8612744183046));
#2523=CARTESIAN_POINT('',(21.4985132325803,95.6898930756625,18.2855333340778));
#2524=CARTESIAN_POINT('Ctrl Pts',(21.5163932107004,96.0860312863826,16.5993914610575));
#2525=CARTESIAN_POINT('Ctrl Pts',(21.5163932104443,96.0978237964618,16.7890737364137));
#2526=CARTESIAN_POINT('Ctrl Pts',(21.5140324155519,96.0915225745379,16.9823458376808));
#2527=CARTESIAN_POINT('Ctrl Pts',(21.5052327934772,96.0148435016582,17.5709671508851));
#2528=CARTESIAN_POINT('Ctrl Pts',(21.4985132325812,95.8789832309783,17.9580172062817));
#2529=CARTESIAN_POINT('Ctrl Pts',(21.4985132325812,95.6898930756619,18.2855333340776));
#2530=CARTESIAN_POINT('',(21.4985132325803,93.6825446644226,21.7623879470777));
#2531=CARTESIAN_POINT('',(21.4985132325803,93.6825446644226,21.7623879470777));
#2532=CARTESIAN_POINT('Ctrl Pts',(21.4985132325815,93.6825446644221,21.7623879470772));
#2533=CARTESIAN_POINT('Ctrl Pts',(21.4985132325815,93.4941000854164,22.0887858958057));
#2534=CARTESIAN_POINT('Ctrl Pts',(21.5051804786093,93.2279241751323,22.3991138370514));
#2535=CARTESIAN_POINT('Ctrl Pts',(21.514001449031,92.7569415061782,22.7604587989322));
#2536=CARTESIAN_POINT('Ctrl Pts',(21.5163932104427,92.5916479723546,22.8633543645782));
#2537=CARTESIAN_POINT('Ctrl Pts',(21.5163932107003,92.4203795116396,22.9485325525238));
#2538=CARTESIAN_POINT('Origin',(14.5163932107003,89.8782291441966,27.3516979991475));
#2539=CARTESIAN_POINT('Origin',(17.5163932107003,95.940417944887,30.8516789912109));
#2540=CARTESIAN_POINT('',(-14.4836067892997,95.940417944887,30.8516789912109));
#2541=CARTESIAN_POINT('',(-14.4836067892997,103.440377213589,17.8612744183046));
#2542=CARTESIAN_POINT('',(-14.4836067892997,95.940417944887,30.8516789912109));
#2543=CARTESIAN_POINT('Origin',(-14.4836067892997,135.567295024939,-51.7846584909596));
#2544=CARTESIAN_POINT('',(-21.4836067892997,89.8782291441966,27.3516979991475));
#2545=CARTESIAN_POINT('Origin',(-14.4836067892997,89.8782291441966,27.3516979991475));
#2546=CARTESIAN_POINT('',(-21.4836067892997,97.3781884129079,14.3612934262438));
#2547=CARTESIAN_POINT('Origin',(-21.4836067892997,92.4763100587782,28.851689852889));
#2548=CARTESIAN_POINT('',(-21.4836067892997,64.8683369010147,12.9123345377623));
#2549=CARTESIAN_POINT('Origin',(0.0163932107000527,77.320838057057,20.1017373727323));
#2550=CARTESIAN_POINT('',(20.3920587302203,53.7674297838554,6.50326923443604));
#2551=CARTESIAN_POINT('',(23.7705920674757,59.1110337193013,9.58837806526761));
#2552=CARTESIAN_POINT('',(23.2658103471203,58.5844712310599,9.28436927231028));
#2553=CARTESIAN_POINT('Origin',(-93.6459878206897,107.843677982584,37.7239796148358));
#2554=CARTESIAN_POINT('',(24.0163932107004,60.8663255980403,10.601788965703));
#2555=CARTESIAN_POINT('Origin',(19.0163932107003,60.8663255980403,10.601788965703));
#2556=CARTESIAN_POINT('',(24.0163932107004,90.7442561157238,27.851695283728));
#2557=CARTESIAN_POINT('',(24.0163932107004,90.7442561157238,27.851695283728));
#2558=CARTESIAN_POINT('',(15.5163932107003,98.1054853737,32.1016722026614));
#2559=CARTESIAN_POINT('Origin',(15.5163932107003,90.7442561157238,27.851695283728));
#2560=CARTESIAN_POINT('',(-15.4836067892997,98.1054853737,32.1016722026614));
#2561=CARTESIAN_POINT('',(15.5163932107003,98.1054853737,32.1016722026614));
#2562=CARTESIAN_POINT('',(-23.9836067892997,90.7442561157238,27.851695283728));
#2563=CARTESIAN_POINT('Origin',(-15.4836067892997,90.7442561157238,27.851695283728));
#2564=CARTESIAN_POINT('',(-23.9836067892997,60.8663255980403,10.601788965703));
#2565=CARTESIAN_POINT('',(-23.9836067892997,90.7442561157238,27.851695283728));
#2566=CARTESIAN_POINT('',(-23.2331255599997,58.5846131901341,9.28445123182714));
#2567=CARTESIAN_POINT('Origin',(-18.9836067892997,60.8663255980403,10.601788965703));
#2568=CARTESIAN_POINT('',(-20.3633580925985,53.7697807889466,6.50462657800892));
#2569=CARTESIAN_POINT('Origin',(93.6994619077004,107.806785349927,37.7026797976805));
#2570=CARTESIAN_POINT('',(-19.4862118178849,52.3811155564506,5.7028861377578));
#2571=CARTESIAN_POINT('',(-23.3026861632612,58.4230743632656,9.19118742198657));
#2572=CARTESIAN_POINT('',(-19.4861334924883,55.6518937004767,7.59125710569031));
#2573=CARTESIAN_POINT('Origin',(-15.4836067892997,136.567294184864,-51.516709523626));
#2574=CARTESIAN_POINT('',(-15.4836067804697,107.855432422985,15.2141462577537));
#2575=CARTESIAN_POINT('',(-23.9836067892767,100.494203158087,10.9641693349297));
#2576=CARTESIAN_POINT('Origin',(-15.4836067892997,100.494203165045,10.9641693389535));
#2577=CARTESIAN_POINT('',(-23.9836067892197,100.494203157662,10.964169334594));
#2578=CARTESIAN_POINT('',(-15.4836067804697,107.855432422985,15.2141462577537));
#2579=CARTESIAN_POINT('Origin',(-15.4836067892997,100.869201128554,10.3146491101698));
#2580=CARTESIAN_POINT('',(-15.4836067804697,107.855432422985,15.2141462577537));
#2581=CARTESIAN_POINT('',(-23.9836067892197,100.494203157662,10.964169334594));
#2582=CARTESIAN_POINT('Origin',(-23.2336067892997,85.9302358696344,1.68969595129228));
#2583=CARTESIAN_POINT('',(-23.9836266487544,70.6162548981467,-6.28572429480645));
#2584=CARTESIAN_POINT('',(-23.9836067892997,78.0857552767783,-1.97326039956827));
#2585=CARTESIAN_POINT('',(-23.9836300560997,70.6162531944747,-6.28572134395451));
#2586=CARTESIAN_POINT('Origin',(-23.9836067892997,60.8663255980403,10.601788965703));
#2587=CARTESIAN_POINT('',(-23.9836300560997,70.6162531944747,-6.28572134395451));
#2588=CARTESIAN_POINT('Origin',(-18.9836067892997,71.8662658588165,-8.45080440789274));
#2589=CARTESIAN_POINT('',(-23.2331250890424,68.3345605954882,-7.60307481620706));
#2590=CARTESIAN_POINT('Origin',(-18.9836067892997,70.6162726473616,-6.28573697907058));
#2591=CARTESIAN_POINT('',(-23.2331255599997,58.5846131901341,9.28445123182714));
#2592=CARTESIAN_POINT('Origin',(-18.9836067892997,70.9912489121285,-6.93521962424128));
#2593=CARTESIAN_POINT('Ctrl Pts',(-23.2331246200991,68.3345612196458,-7.60307538229845));
#2594=CARTESIAN_POINT('Ctrl Pts',(-23.1238185940723,68.4490544004555,-7.68089906636101));
#2595=CARTESIAN_POINT('Ctrl Pts',(-23.0140211520503,68.5642066567492,-7.75905616262672));
#2596=CARTESIAN_POINT('Ctrl Pts',(-22.9044328079592,68.6792983761397,-7.83704589658583));
#2597=CARTESIAN_POINT('Ctrl Pts',(-22.8172212176609,68.770889612064,-7.89911097095048));
#2598=CARTESIAN_POINT('Ctrl Pts',(-22.7301434191858,68.8624443919181,-7.96106905939743));
#2599=CARTESIAN_POINT('Ctrl Pts',(-22.6421607877154,68.9550652693249,-8.02365763731927));
#2600=CARTESIAN_POINT('Ctrl Pts',(-22.6195862001437,68.9788299382493,-8.03971661748015));
#2601=CARTESIAN_POINT('Ctrl Pts',(-22.5969521799364,69.0026649887673,-8.05581699120406));
#2602=CARTESIAN_POINT('Ctrl Pts',(-22.5742414725801,69.0265894628176,-8.07197097415913));
#2603=CARTESIAN_POINT('Ctrl Pts',(-22.4975097756752,69.107422061408,-8.12654974638606));
#2604=CARTESIAN_POINT('Ctrl Pts',(-22.4198974840571,69.1892681593715,-8.18174447338153));
#2605=CARTESIAN_POINT('Ctrl Pts',(-22.34317488946,69.2702821307969,-8.23629470736979));
#2606=CARTESIAN_POINT('Ctrl Pts',(-22.3086868233102,69.3066992413007,-8.26081593332879));
#2607=CARTESIAN_POINT('Ctrl Pts',(-22.2743781880923,69.3429477000358,-8.28520722315472));
#2608=CARTESIAN_POINT('Ctrl Pts',(-22.2404080034497,69.3788572762259,-8.30935558360345));
#2609=CARTESIAN_POINT('Ctrl Pts',(-22.1502162127757,69.4741982057204,-8.37347015623891));
#2610=CARTESIAN_POINT('Ctrl Pts',(-22.0624176244921,69.5671606929377,-8.43586661639772));
#2611=CARTESIAN_POINT('Ctrl Pts',(-21.9760120758919,69.6587927643616,-8.49725605478968));
#2612=CARTESIAN_POINT('Ctrl Pts',(-21.9574754381151,69.678450651433,-8.51042597039384));
#2613=CARTESIAN_POINT('Ctrl Pts',(-21.9390030112022,69.6980474492558,-8.5235494580279));
#2614=CARTESIAN_POINT('Ctrl Pts',(-21.9205850832681,69.7175937376903,-8.53663340450916));
#2615=CARTESIAN_POINT('Origin',(93.6994619077304,117.931729021318,20.1656359475625));
#2616=CARTESIAN_POINT('',(-20.3633575628621,63.5196934819662,-10.3829186318516));
#2617=CARTESIAN_POINT('',(-19.0473508044797,64.8930607970742,-11.322056375147));
#2618=CARTESIAN_POINT('Origin',(93.6994619077004,117.55673239924,20.8151538528995));
#2619=CARTESIAN_POINT('Origin',(-19.2667470360897,63.5120096864522,-11.2533792475503));
#2620=CARTESIAN_POINT('',(-19.7053765827224,62.4780279882592,-10.9843207005812));
#2621=CARTESIAN_POINT('Origin',(19.2956574256403,63.5106771440185,-11.2541485857128));
#2622=CARTESIAN_POINT('',(20.3920587302203,63.5173768331746,-10.3842567103417));
#2623=CARTESIAN_POINT('',(19.0763232390103,64.8911708137915,-11.3231467895555));
#2624=CARTESIAN_POINT('',(20.3920587302203,63.5173768331746,-10.3842567103417));
#2625=CARTESIAN_POINT('',(18.0149376865703,63.2124531117348,-12.2923509003097));
#2626=CARTESIAN_POINT('Origin',(-93.6459878206696,117.968613286116,20.1869502582849));
#2627=CARTESIAN_POINT('',(23.2658103411245,68.3344182711056,-7.60315667754492));
#2628=CARTESIAN_POINT('Origin',(-93.6459878206897,117.593625031876,20.8364536700544));
#2629=CARTESIAN_POINT('Ctrl Pts',(21.953420466777,69.7176591562505,-8.53659563536516));
#2630=CARTESIAN_POINT('Ctrl Pts',(22.0394472404858,69.6263398678905,-8.47548333998734));
#2631=CARTESIAN_POINT('Ctrl Pts',(22.1270463670541,69.5335052415346,-8.41323640098262));
#2632=CARTESIAN_POINT('Ctrl Pts',(22.217290317848,69.438020920944,-8.34909251654548));
#2633=CARTESIAN_POINT('Ctrl Pts',(22.2349057052973,69.4193826267677,-8.33657179502431));
#2634=CARTESIAN_POINT('Ctrl Pts',(22.2526219481902,69.4006434916829,-8.32397872798249));
#2635=CARTESIAN_POINT('Ctrl Pts',(22.2704471421475,69.3817952507269,-8.31130754671893));
#2636=CARTESIAN_POINT('Ctrl Pts',(22.3447036700595,69.3032768944054,-8.25852170172737));
#2637=CARTESIAN_POINT('Ctrl Pts',(22.4208461341995,69.2228583893707,-8.20438390052169));
#2638=CARTESIAN_POINT('Ctrl Pts',(22.4971459269079,69.14237494546,-8.1501230854492));
#2639=CARTESIAN_POINT('Ctrl Pts',(22.5329933600608,69.1045619347938,-8.12463008118159));
#2640=CARTESIAN_POINT('Ctrl Pts',(22.5688751245038,69.0667340156141,-8.09911025512402));
#2641=CARTESIAN_POINT('Ctrl Pts',(22.6046099466234,69.0290785778096,-8.07369274909841));
#2642=CARTESIAN_POINT('Ctrl Pts',(22.7014394052584,68.9270448907502,-8.00481977863623));
#2643=CARTESIAN_POINT('Ctrl Pts',(22.7971978477553,68.8262887737334,-7.93669195508013));
#2644=CARTESIAN_POINT('Ctrl Pts',(22.8926247757773,68.7260021510757,-7.86878593303801));
#2645=CARTESIAN_POINT('Ctrl Pts',(22.9073734760076,68.7105023611804,-7.85829072394246));
#2646=CARTESIAN_POINT('Ctrl Pts',(22.9221143092701,68.6950138612686,-7.84780076972804));
#2647=CARTESIAN_POINT('Ctrl Pts',(22.9368500616622,68.6795337491222,-7.83731409143629));
#2648=CARTESIAN_POINT('Ctrl Pts',(23.0469263504347,68.5638970819532,-7.75897844917063));
#2649=CARTESIAN_POINT('Ctrl Pts',(23.1567152134188,68.4487228917718,-7.6808287386013));
#2650=CARTESIAN_POINT('Ctrl Pts',(23.2658103338904,68.334418260364,-7.6031566831919));
#2651=CARTESIAN_POINT('Origin',(19.0163932107003,71.8662658588165,-8.45080440789274));
#2652=CARTESIAN_POINT('',(23.2658103472753,69.5844114920368,-9.76822410115237));
#2653=CARTESIAN_POINT('',(24.0164179523645,70.6162636870077,-6.28574047259785));
#2654=CARTESIAN_POINT('Origin',(19.0163932107003,70.6162726473616,-6.28573697907058));
#2655=CARTESIAN_POINT('',(24.0164179736803,70.6162520328983,-6.28572028693556));
#2656=CARTESIAN_POINT('Origin',(19.0163932107003,70.9912458481743,-6.93521431728068));
#2657=CARTESIAN_POINT('',(24.0164179736803,70.6162520328983,-6.28572028693556));
#2658=CARTESIAN_POINT('Origin',(23.2663932107003,85.9302358696344,1.68969595129228));
#2659=CARTESIAN_POINT('',(24.0163932106003,100.494203157441,10.964169334452));
#2660=CARTESIAN_POINT('',(24.0163932107004,94.5402677357951,7.52668800746056));
#2661=CARTESIAN_POINT('',(24.0163932106003,100.494203157441,10.964169334452));
#2662=CARTESIAN_POINT('Origin',(24.0163932107004,93.7753505160739,29.6016857797606));
#2663=CARTESIAN_POINT('',(24.0163932106003,100.494203157441,10.964169334452));
#2664=CARTESIAN_POINT('',(24.0163932107004,67.8350548746802,9.2889261269631));
#2665=CARTESIAN_POINT('',(24.0163932107004,68.2898982563739,10.9864034471942));
#2666=CARTESIAN_POINT('',(24.0163932107004,67.8350548746802,9.2889261269631));
#2667=CARTESIAN_POINT('',(24.0163932107004,69.6876814469101,12.8080181405085));
#2668=CARTESIAN_POINT('Origin',(24.0163932107004,71.1876733006504,10.2099372259276));
#2669=CARTESIAN_POINT('',(24.0163932107004,87.8869945758697,23.3153203896108));
#2670=CARTESIAN_POINT('',(24.0163932107004,69.6876814469101,12.8080181405085));
#2671=CARTESIAN_POINT('',(24.0163932107004,90.1634526508826,23.6150145193069));
#2672=CARTESIAN_POINT('Origin',(24.0163932107004,89.3869864296102,20.7172394750289));
#2673=CARTESIAN_POINT('',(24.0163932107004,91.8609299711134,23.1601711376142));
#2674=CARTESIAN_POINT('',(24.0163932107004,90.1634526508826,23.6150145193069));
#2675=CARTESIAN_POINT('',(24.0163932107004,93.6825446644226,21.7623879470777));
#2676=CARTESIAN_POINT('Origin',(24.0163932107004,91.0844637498411,20.2623960933359));
#2677=CARTESIAN_POINT('',(24.0163932107004,95.6898930756625,18.2855333340778));
#2678=CARTESIAN_POINT('',(24.0163932107004,93.6825446644226,21.7623879470777));
#2679=CARTESIAN_POINT('',(24.0163932107004,95.9895872053574,16.0090752590698));
#2680=CARTESIAN_POINT('Origin',(24.0163932107004,93.0918121610809,16.7855414803363));
#2681=CARTESIAN_POINT('',(24.0163932107004,95.5347438236636,14.3115979388387));
#2682=CARTESIAN_POINT('',(24.0163932107004,95.9895872053574,16.0090752590698));
#2683=CARTESIAN_POINT('Origin',(24.0163932107004,92.6369687793872,15.0880641601053));
#2684=CARTESIAN_POINT('',(24.0163932107004,73.661189429155,1.68298686672596));
#2685=CARTESIAN_POINT('Origin',(24.0163932107004,74.4376556504274,4.58076191100396));
#2686=CARTESIAN_POINT('',(24.0163932107004,71.9637121089239,2.13783024841966));
#2687=CARTESIAN_POINT('',(24.0163932107004,73.661189429155,1.68298686672596));
#2688=CARTESIAN_POINT('',(24.0163932107004,70.1420974156144,3.53561343895717));
#2689=CARTESIAN_POINT('Origin',(24.0163932107004,72.7401783301965,5.0356052926967));
#2690=CARTESIAN_POINT('',(24.0163932107004,68.1347490043751,7.01246805195509));
#2691=CARTESIAN_POINT('',(24.0163932107004,70.1420974156144,3.53561343895717));
#2692=CARTESIAN_POINT('Origin',(24.0163932107004,70.7328299189567,8.51245990569655));
#2693=CARTESIAN_POINT('Origin',(22.7663932107004,68.0624765655271,10.1376647870787));
#2694=CARTESIAN_POINT('',(21.5163932107004,68.2898982563739,10.9864034471942));
#2695=CARTESIAN_POINT('',(24.0163932107004,67.8350548746802,9.2889261269631));
#2696=CARTESIAN_POINT('Origin',(-86.5565324955897,71.1876733006504,10.2099372259276));
#2697=CARTESIAN_POINT('',(21.5163932107004,69.6876814469101,12.8080181405085));
#2698=CARTESIAN_POINT('Origin',(23.0163932107003,62.1163188094936,8.43672153688665));
#2699=CARTESIAN_POINT('',(24.0163932107004,87.8869945758697,23.3153203896108));
#2700=CARTESIAN_POINT('Origin',(86.5894146262704,89.3869864296102,20.7172394750289));
#2701=CARTESIAN_POINT('',(24.0163932107004,90.1634526508826,23.6150145193069));
#2702=CARTESIAN_POINT('Origin',(22.7663932107004,91.012191310993,23.3875928284598));
#2703=CARTESIAN_POINT('',(21.5163932107004,91.8609299711134,23.1601711376142));
#2704=CARTESIAN_POINT('Origin',(-86.5565324955897,91.0844637498411,20.2623960933359));
#2705=CARTESIAN_POINT('',(24.0163932107004,93.6825446644226,21.7623879470777));
#2706=CARTESIAN_POINT('Origin',(21.5163932107004,90.3112426299652,27.6016966414386));
#2707=CARTESIAN_POINT('',(24.0163932107004,95.6898930756625,18.2855333340778));
#2708=CARTESIAN_POINT('Origin',(86.5894146262704,93.0918121610809,16.7855414803363));
#2709=CARTESIAN_POINT('',(24.0163932107004,95.9895872053574,16.0090752590698));
#2710=CARTESIAN_POINT('Origin',(22.7663932107004,95.7621655145105,15.1603365989542));
#2711=CARTESIAN_POINT('',(21.5163932107004,95.5347438236636,14.3115979388387));
#2712=CARTESIAN_POINT('Origin',(-86.5565324955897,92.6369687793872,15.0880641601053));
#2713=CARTESIAN_POINT('Origin',(86.5894146262704,70.7328299189567,8.51245990569655));
#2714=CARTESIAN_POINT('',(21.5158050511203,68.1347490043751,7.01246805195509));
#2715=CARTESIAN_POINT('Origin',(21.5158050511203,70.7328299189567,8.51245990569655));
#2716=CARTESIAN_POINT('',(24.0163932107004,68.1347490043751,7.01246805195509));
#2717=CARTESIAN_POINT('Origin',(21.5158050511203,62.1653660553359,11.3517848925751));
#2718=CARTESIAN_POINT('',(21.5158050511203,70.1420974156144,3.53561343895717));
#2719=CARTESIAN_POINT('',(21.5158050511203,70.1420974156144,3.53561343895717));
#2720=CARTESIAN_POINT('Origin',(21.5158050511203,72.7401783301965,5.0356052926967));
#2721=CARTESIAN_POINT('Origin',(23.0163932107003,72.2634062386201,-0.138627826593192));
#2722=CARTESIAN_POINT('',(21.5158050511203,70.1420974156144,3.53561343895717));
#2723=CARTESIAN_POINT('Origin',(-86.5565324955897,72.7401783301965,5.0356052926967));
#2724=CARTESIAN_POINT('',(21.5163932107004,71.9637121089239,2.13783024841966));
#2725=CARTESIAN_POINT('Origin',(22.7663932107004,72.8124507690443,1.91040855757409));
#2726=CARTESIAN_POINT('',(24.0163932107004,73.661189429155,1.68298686672596));
#2727=CARTESIAN_POINT('Origin',(86.5894146262704,74.4376556504274,4.58076191100396));
#2728=CARTESIAN_POINT('Origin',(15.5163932107003,136.567294184864,-51.516709523626));
#2729=CARTESIAN_POINT('',(15.516393202666,107.855432422997,15.2141462578224));
#2730=CARTESIAN_POINT('Origin',(15.5163932107003,100.494203165045,10.9641693389535));
#2731=CARTESIAN_POINT('',(15.5163932021303,107.855432422991,15.2141462577708));
#2732=CARTESIAN_POINT('Origin',(15.5163932107003,100.869201128554,10.3146491101698));
#2733=CARTESIAN_POINT('',(15.5163932021303,107.855432422991,15.2141462577708));
#2734=CARTESIAN_POINT('Origin',(0.0163932107000336,107.580910157814,14.1896280658054));
#2735=CARTESIAN_POINT('',(15.5163932021303,107.855432422991,15.2141462577708));
#2736=CARTESIAN_POINT('Origin',(-18.9836067892997,98.1054853737,32.1016722026614));
#2737=CARTESIAN_POINT('Origin',(10.0163932107003,87.9939864275514,2.01517042758584));
#2738=CARTESIAN_POINT('',(12.9163932107003,87.4939891429704,2.88119739911367));
#2739=CARTESIAN_POINT('',(12.9163932107003,87.9939864275514,2.01517042758584));
#2740=CARTESIAN_POINT('Origin',(10.0163932107003,87.493989142968,2.88119739911225));
#2741=CARTESIAN_POINT('Origin',(10.0163932107003,87.7439877831447,2.44818391701145));
#2742=CARTESIAN_POINT('',(13.4163932064643,87.7439877831447,2.44818391701145));
#2743=CARTESIAN_POINT('Origin',(-19.4864629922197,51.0258667470667,-34.4394446732748));
#2744=CARTESIAN_POINT('',(-19.4861034630797,62.1308931503002,-11.184742453851));
#2745=CARTESIAN_POINT('Origin',(20.3920587303003,64.7673700447447,-12.5493241390916));
#2746=CARTESIAN_POINT('',(20.3920587302203,63.5173768331746,-10.3842567103417));
#2747=CARTESIAN_POINT('Origin',(-93.6459878206897,118.84361824331,18.6713862412319));
#2748=CARTESIAN_POINT('Origin',(93.6994619077004,118.806725610674,18.6500864240769));
#2749=CARTESIAN_POINT('',(-20.3633584298497,63.5196925771449,-10.3829180131376));
#2750=CARTESIAN_POINT('Origin',(-19.4860224097297,63.3807559602775,-13.3498803570658));
#2751=CARTESIAN_POINT('Origin',(18.7649376865703,53.8346951386801,-16.8405389492685));
#2752=CARTESIAN_POINT('Origin',(18.2136351606585,10.353442732334,23.9841777806152));
#2753=CARTESIAN_POINT('',(19.2136351606585,8.83072553265406,24.9841777806152));
#2754=CARTESIAN_POINT('',(19.2136351606585,48.15621260049,-0.841686060747578));
#2755=CARTESIAN_POINT('',(18.2136351606585,10.353442732334,23.9841777806152));
#2756=CARTESIAN_POINT('',(20.4191744604208,6.99503010601596,26.1897170803775));
#2757=CARTESIAN_POINT('',(-18.1849093152116,10.353442732334,23.9841777806152));
#2758=CARTESIAN_POINT('',(9.61399904169101,10.353442732334,23.9841777806152));
#2759=CARTESIAN_POINT('',(-19.1849093152115,8.83072553265407,24.9841777806152));
#2760=CARTESIAN_POINT('',(-16.1763544480373,13.4119037750815,21.9756229134407));
#2761=CARTESIAN_POINT('',(-19.1849093152115,24.4331253056118,14.7377579094553));
#2762=CARTESIAN_POINT('Origin',(19.2136351606585,83.5562716577591,-29.3261989797048));
#2763=CARTESIAN_POINT('',(19.2136351606585,10.353442732334,37.7935519150552));
#2764=CARTESIAN_POINT('',(19.2136351606585,10.353442732334,37.7935519150552));
#2765=CARTESIAN_POINT('',(19.2136351606585,10.353442732334,47.9841777806152));
#2766=CARTESIAN_POINT('',(19.2136351606585,10.353442732334,-2.49860478962531));
#2767=CARTESIAN_POINT('',(19.2136351606585,8.35344273233403,49.9841777806152));
#2768=CARTESIAN_POINT('Origin',(19.2136351606585,8.35344273233403,47.9841777806152));
#2769=CARTESIAN_POINT('',(19.2136351606585,-6.29881609933635,49.9841777806152));
#2770=CARTESIAN_POINT('',(19.2136351606585,7.75060747957905,49.9841777806152));
#2771=CARTESIAN_POINT('',(19.2136351606585,-6.29881609933635,47.1841777806152));
#2772=CARTESIAN_POINT('',(19.2136351606585,-6.29881609933635,24.9841777806152));
#2773=CARTESIAN_POINT('',(19.2136351606585,3.85344273232905,47.1841777806152));
#2774=CARTESIAN_POINT('',(19.2136351606585,43.7048571950441,47.1841777806152));
#2775=CARTESIAN_POINT('',(19.2136351606585,3.85344273232905,26.7841777806152));
#2776=CARTESIAN_POINT('',(19.2136351606585,3.85344273232906,-1.27101059954477));
#2777=CARTESIAN_POINT('',(19.2136351606585,-6.29881609933635,26.7841777806152));
#2778=CARTESIAN_POINT('',(19.2136351606585,38.6287277792114,26.7841777806152));
#2779=CARTESIAN_POINT('',(19.2136351606585,-6.29881609933635,24.9841777806152));
#2780=CARTESIAN_POINT('',(19.2136351606585,-6.29881609933635,24.9841777806152));
#2781=CARTESIAN_POINT('',(19.2136351606585,3.81867203354906,24.9841777806152));
#2782=CARTESIAN_POINT('Origin',(-19.1849093152115,10.353442732334,37.7935519150552));
#2783=CARTESIAN_POINT('',(-19.1849093152115,10.353442732334,37.7935519150552));
#2784=CARTESIAN_POINT('',(-19.1849093152115,10.353442732334,37.7935519150552));
#2785=CARTESIAN_POINT('',(-9.58527319624399,10.353442732334,37.7935519150552));
#2786=CARTESIAN_POINT('Origin',(-19.1849093152115,43.2009969952991,12.6301242412047));
#2787=CARTESIAN_POINT('',(-19.1849093152115,-6.29881609933635,24.9841777806152));
#2788=CARTESIAN_POINT('',(-19.1849093152115,-6.29881609933635,24.9841777806152));
#2789=CARTESIAN_POINT('',(-19.1849093152115,-6.29881609933635,26.7841777806152));
#2790=CARTESIAN_POINT('',(-19.1849093152115,-6.29881609933635,24.9841777806152));
#2791=CARTESIAN_POINT('',(-19.1849093152115,3.85344273232905,26.7841777806152));
#2792=CARTESIAN_POINT('',(-19.1849093152115,18.4510904479814,26.7841777806152));
#2793=CARTESIAN_POINT('',(-19.1849093152115,3.85344273232905,47.1841777806152));
#2794=CARTESIAN_POINT('',(-19.1849093152115,3.85344273232905,19.7071510109099));
#2795=CARTESIAN_POINT('',(-19.1849093152115,-6.29881609933635,47.1841777806152));
#2796=CARTESIAN_POINT('',(-19.1849093152115,23.5272198638141,47.1841777806152));
#2797=CARTESIAN_POINT('',(-19.1849093152115,-6.29881609933635,49.9841777806152));
#2798=CARTESIAN_POINT('',(-19.1849093152115,-6.29881609933635,24.9841777806152));
#2799=CARTESIAN_POINT('',(-19.1849093152115,8.35344273233403,49.9841777806152));
#2800=CARTESIAN_POINT('',(-19.1849093152115,7.75060747957905,49.9841777806152));
#2801=CARTESIAN_POINT('',(-19.1849093152115,10.353442732334,47.9841777806152));
#2802=CARTESIAN_POINT('Origin',(-19.1849093152115,8.35344273233403,47.9841777806152));
#2803=CARTESIAN_POINT('',(-19.1849093152115,10.353442732334,38.9841777806152));
#2804=CARTESIAN_POINT('Origin',(19.2136351606585,8.35344273233403,47.9841777806152));
#2805=CARTESIAN_POINT('',(19.2136351606585,10.353442732334,47.9841777806152));
#2806=CARTESIAN_POINT('',(19.2136351606585,8.35344273233403,49.9841777806152));
#2807=CARTESIAN_POINT('Origin',(19.2136351606585,10.3534427323291,49.9841777806152));
#2808=CARTESIAN_POINT('',(-15.0863648393415,-6.29881609933635,49.9841777806152));
#2809=CARTESIAN_POINT('',(-19.1849093152115,-6.29881609933635,49.9841777806152));
#2810=CARTESIAN_POINT('',(15.1136351606585,-6.29881609933635,49.9841777806152));
#2811=CARTESIAN_POINT('Origin',(0.0136351606585053,-30.6465572676709,49.9841777806152));
#2812=CARTESIAN_POINT('',(16.1136351606585,-6.29881609933635,49.9841777806152));
#2813=CARTESIAN_POINT('',(-14.1363648393415,-0.146557267666942,49.9841777806152));
#2814=CARTESIAN_POINT('Origin',(-10.9863648393415,-0.146557267666942,49.9841777806152));
#2815=CARTESIAN_POINT('',(7.86363516065852,-0.146557267666942,49.9841777806152));
#2816=CARTESIAN_POINT('Origin',(11.0136351606585,-0.146557267666942,49.9841777806152));
#2817=CARTESIAN_POINT('Origin',(42.4537040128485,-6.29881609933635,38.9841777806152));
#2818=CARTESIAN_POINT('',(15.1136351606585,-6.29881609933635,47.1841777806152));
#2819=CARTESIAN_POINT('',(28.7836695867535,-6.29881609933635,47.1841777806152));
#2820=CARTESIAN_POINT('',(15.1136351606585,-6.29881609933635,38.9841777806152));
#2821=CARTESIAN_POINT('Origin',(19.2136351606585,-7.25645158955098,47.1841777806152));
#2822=CARTESIAN_POINT('',(-15.0863648393415,-6.29881609933635,47.1841777806152));
#2823=CARTESIAN_POINT('Origin',(0.0136351606585053,-30.6465572676709,47.1841777806152));
#2824=CARTESIAN_POINT('',(13.6836695867535,-6.29881609933635,47.1841777806152));
#2825=CARTESIAN_POINT('',(-15.0863648393415,3.85344273232905,47.1841777806152));
#2826=CARTESIAN_POINT('',(12.6636351606585,-0.146557267666942,47.1841777806152));
#2827=CARTESIAN_POINT('Origin',(11.0136351606585,-0.146557267666942,47.1841777806152));
#2828=CARTESIAN_POINT('',(-12.6363648393415,-0.146557267666942,47.1841777806152));
#2829=CARTESIAN_POINT('Origin',(-10.9863648393415,-0.146557267666942,47.1841777806152));
#2830=CARTESIAN_POINT('Origin',(15.1136351606585,3.85344273232905,38.9841777806152));
#2831=CARTESIAN_POINT('',(15.1136351606585,3.85344273232905,26.7841777806152));
#2832=CARTESIAN_POINT('Origin',(19.2136351606585,-7.25645158955098,26.7841777806152));
#2833=CARTESIAN_POINT('',(-15.0863648393415,-6.29881609933635,26.7841777806152));
#2834=CARTESIAN_POINT('',(13.6836695867535,-6.29881609933635,26.7841777806152));
#2835=CARTESIAN_POINT('',(15.1136351606585,-6.29881609933635,26.7841777806152));
#2836=CARTESIAN_POINT('Origin',(0.0136351606585053,-30.6465572676709,26.7841777806152));
#2837=CARTESIAN_POINT('',(28.7836695867535,-6.29881609933635,26.7841777806152));
#2838=CARTESIAN_POINT('',(-12.6363648393415,-0.146557267666942,26.7841777806152));
#2839=CARTESIAN_POINT('Origin',(-10.9863648393415,-0.146557267666942,26.7841777806152));
#2840=CARTESIAN_POINT('',(9.36363516065852,-0.146557267666943,26.7841777806152));
#2841=CARTESIAN_POINT('Origin',(11.0136351606585,-0.146557267666942,26.7841777806152));
#2842=CARTESIAN_POINT('Origin',(42.4537040128485,-6.29881609933635,38.9841777806152));
#2843=CARTESIAN_POINT('',(15.1136351606585,-6.29881609933635,23.9841777806152));
#2844=CARTESIAN_POINT('',(15.1136351606585,-6.29881609933635,23.9841777806152));
#2845=CARTESIAN_POINT('',(18.2136351606585,-6.29881609933635,23.9841777806152));
#2846=CARTESIAN_POINT('',(15.1136351606585,-6.29881609933635,23.9841777806152));
#2847=CARTESIAN_POINT('',(18.2136351606585,-6.29881609933635,23.9841777806152));
#2848=CARTESIAN_POINT('Origin',(42.4537040128485,-6.29881609933635,38.9841777806152));
#2849=CARTESIAN_POINT('',(-15.0863648393415,-6.29881609933635,26.9841777806152));
#2850=CARTESIAN_POINT('Origin',(0.0136351606585053,-30.6465572676709,26.9841777806152));
#2851=CARTESIAN_POINT('Origin',(-10.9863648393415,-0.146557267666942,49.0841777806152));
#2852=CARTESIAN_POINT('',(-12.6363648393415,-0.146557267666942,48.4841777806152));
#2853=CARTESIAN_POINT('',(-13.2363648393415,-0.146557267666942,49.0841777806152));
#2854=CARTESIAN_POINT('Origin',(-10.9863648393415,-0.146557267666942,48.4841777806152));
#2855=CARTESIAN_POINT('Origin',(11.0136351606585,-0.146557267666942,49.0841777806152));
#2856=CARTESIAN_POINT('',(9.36363516065852,-0.146557267666942,48.4841777806152));
#2857=CARTESIAN_POINT('',(8.76363516065852,-0.146557267666942,49.0841777806152));
#2858=CARTESIAN_POINT('',(12.6636351606585,-0.146557267666942,48.4841777806152));
#2859=CARTESIAN_POINT('Origin',(11.0136351606585,-0.146557267666942,48.4841777806152));
#2860=CARTESIAN_POINT('Origin',(11.0136351606585,-0.146557267666942,48.4841777806152));
#2861=CARTESIAN_POINT('Origin',(11.0136351606585,-0.146557267666942,26.9841777806152));
#2862=CARTESIAN_POINT('',(12.6636351606585,-0.146557267666942,26.9841777806152));
#2863=CARTESIAN_POINT('Origin',(-10.9863648393415,-0.146557267666942,26.9841777806152));
#2864=CARTESIAN_POINT('',(-12.6363648393415,-0.146557267666943,26.9841777806152));
#2865=CARTESIAN_POINT('Origin',(-10.9863648393415,-0.146557267666942,26.9841777806152));
#2866=CARTESIAN_POINT('',(-12.6363648393415,-0.146557267666942,25.4841777806152));
#2867=CARTESIAN_POINT('',(-10.9863648393415,1.50344273233506,25.4841777806172));
#2868=CARTESIAN_POINT('Origin',(-10.9863648393415,-0.146557267666942,25.4841777806152));
#2869=CARTESIAN_POINT('',(-12.6363648393415,-0.146557267666943,26.9841777806152));
#2870=CARTESIAN_POINT('Origin',(-10.9863648393415,-0.146557267666942,25.4841777806152));
#2871=CARTESIAN_POINT('Origin',(11.0136351606585,-0.146557267666942,26.9841777806152));
#2872=CARTESIAN_POINT('',(9.36363516065852,-0.146557267666942,25.4841777806152));
#2873=CARTESIAN_POINT('',(11.0136351606585,1.50344273233506,25.4841777806172));
#2874=CARTESIAN_POINT('Origin',(11.0136351606585,-0.146557267666942,25.4841777806152));
#2875=CARTESIAN_POINT('',(9.36363516065852,-0.146557267666943,26.9841777806152));
#2876=CARTESIAN_POINT('Origin',(11.0136351606585,-0.146557267666942,25.4841777806152));
#2877=CARTESIAN_POINT('Origin',(42.4537040128485,-6.29881609933635,38.9841777806152));
#2878=CARTESIAN_POINT('',(-18.1849093152115,-6.29881609933635,23.9841777806152));
#2879=CARTESIAN_POINT('',(-19.1849093152115,-6.29881609933635,24.9841777806152));
#2880=CARTESIAN_POINT('',(-15.0863648393415,-6.29881609933635,23.9841777806152));
#2881=CARTESIAN_POINT('',(-18.1849093152115,-6.29881609933635,23.9841777806152));
#2882=CARTESIAN_POINT('',(-15.0863648393415,-6.29881609933635,23.9841777806152));
#2883=CARTESIAN_POINT('Origin',(0.0136351606585053,-30.6465572676709,38.9841777806152));
#2884=CARTESIAN_POINT('Origin',(0.0136351606585053,-30.6465572676709,23.9841777806152));
#2885=CARTESIAN_POINT('Origin',(-10.9863648393415,-0.146557267666942,24.7341777829952));
#2886=CARTESIAN_POINT('',(-10.9863648393415,3.00344273233506,23.9841777806172));
#2887=CARTESIAN_POINT('',(-10.9863648393415,2.25344272995706,24.7341777829952));
#2888=CARTESIAN_POINT('Origin',(-10.9863648393415,-0.146557267666942,23.9841777806152));
#2889=CARTESIAN_POINT('Origin',(11.0136351606585,-0.146557267666942,24.7341777829952));
#2890=CARTESIAN_POINT('',(11.0136351606585,3.00344273233506,23.9841777806172));
#2891=CARTESIAN_POINT('',(11.0136351606585,2.25344272995706,24.7341777829952));
#2892=CARTESIAN_POINT('Origin',(11.0136351606585,-0.146557267666942,23.9841777806152));
#2893=CARTESIAN_POINT('Origin',(0.0143629227235141,10.353442732334,24.3289894004542));
#2894=CARTESIAN_POINT('Origin',(19.2136351606585,-9.64655726766695,23.9841777806152));
#2895=CARTESIAN_POINT('',(-18.1849093152115,-6.29881609933635,23.9841777806152));
#2896=CARTESIAN_POINT('',(18.2136351606585,3.29810498299905,23.9841777806152));
#2897=CARTESIAN_POINT('Origin',(-18.6849093152115,-1.50035555816695,24.4841777806152));
#2898=CARTESIAN_POINT('Origin',(18.7136351606585,-1.50035555816695,24.4841777806152));
#2899=CARTESIAN_POINT('',(-0.0149376865703419,-20.322912059641,-9.4006378744861));
#2900=CARTESIAN_POINT('',(0.,0.,0.));
#2901=UNCERTAINTY_MEASURE_WITH_UNIT(LENGTH_MEASURE(0.01),#2909,
'DISTANCE_ACCURACY_VALUE',
'Maximum model space distance between geometric entities at asserted c
onnectivities');
#2902=UNCERTAINTY_MEASURE_WITH_UNIT(LENGTH_MEASURE(0.01),#2909,
'DISTANCE_ACCURACY_VALUE',
'Maximum model space distance between geometric entities at asserted c
onnectivities');
#2903=UNCERTAINTY_MEASURE_WITH_UNIT(LENGTH_MEASURE(0.01),#2909,
'DISTANCE_ACCURACY_VALUE',
'Maximum model space distance between geometric entities at asserted c
onnectivities');
#2904=UNCERTAINTY_MEASURE_WITH_UNIT(LENGTH_MEASURE(0.01),#2909,
'DISTANCE_ACCURACY_VALUE',
'Maximum model space distance between geometric entities at asserted c
onnectivities');
#2905=(
GEOMETRIC_REPRESENTATION_CONTEXT(3)
GLOBAL_UNCERTAINTY_ASSIGNED_CONTEXT((#2901))
GLOBAL_UNIT_ASSIGNED_CONTEXT((#2909,#2911,#2912))
REPRESENTATION_CONTEXT('','3D')
);
#2906=(
GEOMETRIC_REPRESENTATION_CONTEXT(3)
GLOBAL_UNCERTAINTY_ASSIGNED_CONTEXT((#2902))
GLOBAL_UNIT_ASSIGNED_CONTEXT((#2909,#2911,#2912))
REPRESENTATION_CONTEXT('','3D')
);
#2907=(
GEOMETRIC_REPRESENTATION_CONTEXT(3)
GLOBAL_UNCERTAINTY_ASSIGNED_CONTEXT((#2903))
GLOBAL_UNIT_ASSIGNED_CONTEXT((#2909,#2911,#2912))
REPRESENTATION_CONTEXT('','3D')
);
#2908=(
GEOMETRIC_REPRESENTATION_CONTEXT(3)
GLOBAL_UNCERTAINTY_ASSIGNED_CONTEXT((#2904))
GLOBAL_UNIT_ASSIGNED_CONTEXT((#2909,#2911,#2912))
REPRESENTATION_CONTEXT('','3D')
);
#2909=(
LENGTH_UNIT()
NAMED_UNIT(*)
SI_UNIT(.MILLI.,.METRE.)
);
#2910=(
LENGTH_UNIT()
NAMED_UNIT(*)
SI_UNIT($,.METRE.)
);
#2911=(
NAMED_UNIT(*)
PLANE_ANGLE_UNIT()
SI_UNIT($,.RADIAN.)
);
#2912=(
NAMED_UNIT(*)
SI_UNIT($,.STERADIAN.)
SOLID_ANGLE_UNIT()
);
#2913=SHAPE_DEFINITION_REPRESENTATION(#2916,#2921);
#2914=SHAPE_DEFINITION_REPRESENTATION(#2917,#2922);
#2915=SHAPE_DEFINITION_REPRESENTATION(#2918,#2923);
#2916=PRODUCT_DEFINITION_SHAPE('',$,#2925);
#2917=PRODUCT_DEFINITION_SHAPE('',$,#2926);
#2918=PRODUCT_DEFINITION_SHAPE('',$,#2927);
#2919=PRODUCT_DEFINITION_SHAPE($,$,#17);
#2920=PRODUCT_DEFINITION_SHAPE($,$,#18);
#2921=SHAPE_REPRESENTATION('',(#1694,#1863),#2905);
#2922=SHAPE_REPRESENTATION('',(#1695,#1862),#2906);
#2923=SHAPE_REPRESENTATION('',(#1696),#2907);
#2924=PRODUCT_DEFINITION_CONTEXT('part definition',#2935,'design');
#2925=PRODUCT_DEFINITION('D405_305_MOUNT',
'332000145,\X2\815590E8644450CF5934652F67B6\X0\_D405_305_mount;FDM,PLA
,L73.8xW48xH25.07mm,\X2\9ED18272\X0\,\X2\53BB6BDB523A652F6491\X0\',#2928,
#2924);
#2926=PRODUCT_DEFINITION('2026-09-16-12-26-14-982',
'332000146,\X2\815590E8644450CF5934652F67B6\X0\_D435_gemini_mount;FDM,
PLA,L95.76xW57.12xH26mm,\X2\9ED18272\X0\,\X2\53BB6BDB523A652F6491\X0\',
#2929,#2924);
#2927=PRODUCT_DEFINITION('2026-09-16-12-26-14-993',
'uvc32_mount_dyx0914 (1) (1)',#2930,#2924);
#2928=PRODUCT_DEFINITION_FORMATION('',$,#2937);
#2929=PRODUCT_DEFINITION_FORMATION('',$,#2938);
#2930=PRODUCT_DEFINITION_FORMATION('',$,#2939);
#2931=PRODUCT_RELATED_PRODUCT_CATEGORY(
'332000145,\X2\815590E8644450CF5934652F67B6\X0\_D405_305_mount;FDM,PLA
,L73.8xW48xH25.07mm,\X2\9ED18272\X0\,\X2\53BB6BDB523A652F6491\X0\',
'332000145,\X2\815590E8644450CF5934652F67B6\X0\_D405_305_mount;FDM,PLA
,L73.8xW48xH25.07mm,\X2\9ED18272\X0\,\X2\53BB6BDB523A652F6491\X0\',(#2937));
#2932=PRODUCT_RELATED_PRODUCT_CATEGORY(
'332000146,\X2\815590E8644450CF5934652F67B6\X0\_D435_gemini_mount;FDM,
PLA,L95.76xW57.12xH26mm,\X2\9ED18272\X0\,\X2\53BB6BDB523A652F6491\X0\',

'332000146,\X2\815590E8644450CF5934652F67B6\X0\_D435_gemini_mount;FDM,
PLA,L95.76xW57.12xH26mm,\X2\9ED18272\X0\,\X2\53BB6BDB523A652F6491\X0\',
(#2938));
#2933=PRODUCT_RELATED_PRODUCT_CATEGORY('uvc32_mount_dyx0914 (1) (1)',
'uvc32_mount_dyx0914 (1) (1)',(#2939));
#2934=APPLICATION_PROTOCOL_DEFINITION('international standard',
'automotive_design',2009,#2935);
#2935=APPLICATION_CONTEXT(
'Core Data for Automotive Mechanical Design Process');
#2936=PRODUCT_CONTEXT('part definition',#2935,'mechanical');
#2937=PRODUCT('D405_305_MOUNT',
'332000145,\X2\815590E8644450CF5934652F67B6\X0\_D405_305_mount;FDM,PLA
,L73.8xW48xH25.07mm,\X2\9ED18272\X0\,\X2\53BB6BDB523A652F6491\X0\',$,(#2936));
#2938=PRODUCT('2026-09-16-12-26-14-982',
'332000146,\X2\815590E8644450CF5934652F67B6\X0\_D435_gemini_mount;FDM,
PLA,L95.76xW57.12xH26mm,\X2\9ED18272\X0\,\X2\53BB6BDB523A652F6491\X0\',
$,(#2936));
#2939=PRODUCT('2026-09-16-12-26-14-993','uvc32_mount_dyx0914 (1) (1)',$,
(#2936));
#2940=PRESENTATION_STYLE_ASSIGNMENT((#2941));
#2941=SURFACE_STYLE_USAGE(.BOTH.,#2942);
#2942=SURFACE_SIDE_STYLE('',(#2943));
#2943=SURFACE_STYLE_FILL_AREA(#2944);
#2944=FILL_AREA_STYLE('\X2\94A2\X0\ - \X2\7F0E5149\X0\',(#2945));
#2945=FILL_AREA_STYLE_COLOUR('\X2\94A2\X0\ - \X2\7F0E5149\X0\',#2946);
#2946=COLOUR_RGB('\X2\94A2\X0\ - \X2\7F0E5149\X0\',0.627450980392157,0.627450980392157,
0.627450980392157);
ENDSEC;
END-ISO-10303-21;
